CreateDirectoryW,GetFileAttributesExW,GetFileAttributesW,GetFileInformationByHandleEx,GetFileSize,GetFileVersionInfoSizeW,GetSystemTimeAsFileTime,GetSystemWindowsDirectoryW,GetTempPathW,NtCreateFile,NtDeviceIoControlFile,NtOpenFile,NtQueryAttributesFile,NtQueryDirectoryFile,NtQueryInformationFile,NtReadFile,SUMMARY_DIRECTORY_REMOVED,SUMMARY_FILE_OPENED,SUMMARY_FILE_READ,SearchPathW,SetFilePointer,SetFileTime,active_api_count,delete_create_ratio,dir_activity,file_query_calls,nt_to_total_ratio,total_api_calls,write_read_ratio,write_vs_delete_ratio,label_encoded
0,0,0,0,0,0,2,0,0,2,0,1,0,0,1,0,0,2,0,0,0,0,7,0.0,0,1,0.36363636363636365,10,0.0,0.0,0
9,40,82,0,82,5,49,33,4,321,52,234,7,136,47,385,1,39,24,0,186,13,38,0.07714285714285714,28,312,0.6451750640478223,2341,0.7113821138211383,12.5,0
19,40,314,52,169,5,546,35,4,690,52,482,108,288,218,463,1,216,71,20,206,13,43,0.038356164383561646,46,1020,0.5567478332645481,4845,0.5164835164835165,12.96551724137931,0
14,6,7,34,3,0,230,4,1,167,0,83,71,169,90,285,0,74,33,2,14,7,35,0.0,40,378,0.6135328562134027,1536,0.2022792022792023,71.0,0
43,0,4,0,169,0,2,5,0,379,0,73,24,21,41,74,1,346,2,0,90,28,29,0.0,59,90,0.4541254125412541,1514,0.3008130081300813,74.0,0
17,0,55,0,7,1,43,19,0,50,13,169,11,7,163,506,0,44,32,4,84,32,34,0.0,37,236,0.6956521739130435,1586,0.4230769230769231,231.0,0
0,0,1,0,2,0,8,0,0,3,0,2,0,0,0,0,0,1,0,0,0,0,9,0.0,0,1,0.21739130434782608,22,0.0,0.0,0
16,13,291,39,169,4,490,25,0,263,0,309,32,173,208,2891,0,130,31,6,49,7,41,0.08080808080808081,31,760,0.7288989232372352,5757,0.0962772785622593,12.0,0
18,11,73,28,8,3,184,25,0,131,10,28,21,82,5,318,1,71,24,5,36,6,42,0.14634146341463414,43,222,0.5034818941504178,1435,0.39572192513368987,5.92,0
1,0,22,1,13,0,19,6,0,43,0,30,26,9,14,15,0,27,2,12,0,0,24,0.0,2,72,0.4912891986062718,286,0.0,0.0,0
15,16,258,56,169,2,551,6,0,324,0,321,108,268,229,217,1,138,42,7,33,4,40,0.0,44,938,0.4959794146027662,3108,0.08639308855291576,40.0,0
0,0,0,0,0,0,1,1,0,1,0,60,0,0,0,0,0,1,0,0,0,0,9,0.0,2,0,0.8243243243243243,73,0.0,0.0,0
52,7,586,28,25,8,142,7,1,453,0,390,5,465,372,2891,0,292,27,1,420,36,40,0.006220839813374806,79,1463,0.7441709142175469,9220,0.8246445497630331,487.2,0
23,15,32,48,55,0,266,57,2,378,0,215,108,150,41,1361,1,158,37,13,192,36,39,0.0,186,398,0.6242131766680654,4765,0.5047297297297297,747.0,0
0,0,0,0,0,0,1,0,0,40,0,5,0,0,0,28,0,3,1,0,28,0,10,0.0,0,0,0.5251798561151079,138,0.0,0.0,0
52,3,818,9,2,0,286,8,1,554,0,176,2,109,59,2891,0,128,18,0,301,36,36,0.005376344086021506,94,1000,0.7289687924016283,8843,0.9739815131804177,569.0,0
0,0,1,0,0,0,0,2,0,1,0,9,0,0,0,0,0,1,0,0,0,0,11,0.0,5,1,0.3548387096774194,30,0.0,0.0,0
1,0,12,0,0,1,1,2,1,3,0,1,0,0,1,1,0,2,1,0,1,0,22,0.2857142857142857,2,13,0.6017699115044248,112,21.0,21.0,0
0,4,61,0,61,0,129,31,4,217,52,67,26,29,27,122,0,51,13,20,42,4,30,0.07079646017699115,0,147,0.5144144144144144,1109,0.20812182741116753,2.411764705882353,0
0,0,0,0,0,0,1,0,0,0,0,0,0,0,0,0,0,0,0,0,0,0,1,0.0,0,0,0.0,1,0.0,0.0,0
14,23,818,92,66,2,1076,20,4,796,0,167,95,624,138,1929,1,133,53,20,97,15,44,0.014336917562724014,76,1794,0.5697555262772654,6830,0.07567824845311756,12.23076923076923,0
1,16,49,23,2,2,297,3,0,212,0,25,47,136,12,48,0,91,25,20,0,0,30,0.0,2,283,0.4349775784753363,1114,0.019801980198019802,2.0,0
52,18,818,39,8,2,271,57,0,570,0,781,8,196,372,408,1,462,40,4,433,36,42,0.03684210526315789,98,1454,0.4808616404308202,6034,1.4285714285714286,24.137931034482758,0
0,0,0,0,0,0,1,0,0,0,0,0,1,0,0,0,0,0,0,0,0,0,2,0.0,0,1,0.3333333333333333,2,0.0,0.0,0
9,12,177,41,9,3,256,14,0,189,0,31,16,190,23,295,1,81,35,5,35,4,42,0.10476190476190476,32,461,0.508100147275405,2036,0.808,13.173913043478262,0
21,12,818,35,169,3,446,57,0,551,0,540,108,127,265,573,1,166,44,20,433,36,41,0.03943661971830986,40,1368,0.4608590232074818,5773,0.7990135635018496,22.344827586206897,0
31,15,568,58,169,3,674,57,0,550,0,359,108,304,186,478,1,195,65,20,265,36,42,0.03735632183908046,68,1242,0.45305514157973176,5367,0.7065073041168659,19.703703703703702,0
12,10,119,35,69,3,462,21,4,302,52,106,5,207,51,135,0,81,34,1,70,2,44,0.024464831804281346,36,428,0.43800861656294876,2088,0.2696629213483146,8.0,0
0,0,0,0,0,0,2,0,0,2,0,3,0,3,0,0,0,2,0,0,0,0,6,0.0,0,3,0.5714285714285714,13,0.0,0.0,0
0,0,42,0,22,0,75,18,3,63,52,54,18,20,1,82,0,25,11,0,33,3,28,0.17142857142857143,0,81,0.5207986688851913,600,0.27586206896551724,2.4615384615384617,0
52,37,818,92,169,2,1076,37,4,1222,51,440,108,485,359,1577,1,345,73,20,433,36,46,0.017705382436260624,229,1903,0.5187410877979222,9817,0.5154531168150864,37.84615384615385,0
52,19,282,82,169,2,628,57,0,687,0,889,108,317,372,350,1,456,54,16,433,36,41,0.0,150,1184,0.49046403363868446,6658,1.0974025974025974,676.0,0
45,7,340,31,16,8,260,12,2,326,4,93,47,283,62,387,1,105,51,20,355,36,45,0.05102040816326531,95,770,0.6763056431826148,5705,5.8734177215189876,107.07692307692308,0
1,0,1,0,0,0,4,0,1,1,0,2,4,0,0,0,0,1,0,0,0,0,12,0.0,2,5,0.3333333333333333,20,0.0,0.0,0
52,28,818,92,169,6,858,57,4,967,52,759,108,345,372,1114,1,458,72,20,433,36,46,0.024200518582541054,109,1767,0.5111265646731572,8627,0.5784313725490197,28.482758620689655,0
3,40,38,0,47,0,5,2,0,67,0,0,6,0,40,19,0,23,1,20,0,0,27,0.08,23,124,0.30112359550561796,444,0.029411764705882353,0.2857142857142857,0
0,0,0,0,0,0,2,0,0,6,0,0,0,0,0,0,0,2,0,0,0,0,6,0.0,0,2,0.2857142857142857,20,0.0,0.0,0
0,0,0,0,0,0,1,0,0,0,0,0,3,0,0,0,0,0,0,0,0,0,2,0.0,0,3,0.6,4,0.0,0.0,0
0,0,0,0,0,0,1,0,0,2,0,0,0,0,0,0,0,0,0,0,0,0,4,0.0,0,0,0.42857142857142855,6,0.0,0.0,0
0,4,65,0,65,8,13,11,2,90,15,1,6,0,19,11,0,59,2,20,0,0,31,0.08333333333333333,53,94,0.32314923619271446,850,1.6835443037974684,14.777777777777779,0
0,0,0,0,0,0,1,0,0,2,0,0,1,0,0,0,0,2,0,0,0,0,4,0.0,0,1,0.42857142857142855,6,0.0,0.0,0
9,8,7,35,7,0,176,12,1,135,0,115,26,147,118,551,0,79,33,2,98,4,37,0.0,37,342,0.6443444006752954,1776,0.08225806451612903,51.0,0
0,0,1,0,2,0,3,0,0,3,0,0,0,0,0,0,0,1,0,0,0,0,10,0.0,1,1,0.16666666666666666,17,0.0,0.0,0
0,0,0,0,0,0,1,0,0,0,0,0,2,0,0,0,0,0,0,0,0,0,3,0.0,0,2,0.11764705882352941,16,0.0,0.0,0
0,0,3,0,0,0,1,2,0,1,0,1,0,0,0,0,0,1,0,1,0,0,9,0.0,0,3,0.13333333333333333,14,0.0,0.0,0
8,3,818,9,1,6,87,7,1,1815,0,14,4,109,15,2891,0,28,17,0,433,0,35,0.002186987424822307,21,958,0.7615842204132749,6387,0.006851661527920521,4.0,0
0,0,0,0,0,0,1,0,0,0,0,0,0,0,0,0,0,0,0,0,0,0,2,0.0,0,0,0.0,4,0.0,0.0,0
0,0,0,0,0,0,2,6,0,0,0,0,0,0,0,0,0,0,0,0,0,0,4,0.0,0,0,0.0,11,0.0,0.0,0
0,0,0,0,0,1,1,1,0,1,0,0,0,0,0,0,0,1,0,0,0,0,7,0.0,0,0,0.125,7,0.0,0.0,0
10,4,60,16,169,2,220,1,0,204,0,20,82,77,10,36,0,95,16,20,0,0,30,0.0,15,249,0.39043478260869563,1149,0.07203389830508475,17.0,0
12,5,110,24,169,2,302,1,0,307,0,131,108,101,77,55,0,139,30,20,0,0,30,0.0,17,425,0.46105020196191576,1732,0.06227106227106227,17.0,0
11,6,98,27,169,2,309,1,0,306,0,82,108,108,52,61,0,137,33,20,0,0,30,0.0,16,399,0.44184652278177455,1667,0.05964912280701754,17.0,0
0,0,0,0,0,0,1,0,0,2,0,0,2,0,0,0,0,0,0,0,0,0,5,0.0,0,2,0.4444444444444444,8,0.0,0.0,0
0,0,1,0,0,0,0,2,0,1,0,8,0,0,0,0,0,2,0,0,0,0,10,0.0,4,1,0.3333333333333333,26,0.0,0.0,0
0,0,4,0,1,0,0,1,1,1,0,0,0,1,1,0,0,0,0,1,2,0,16,0.0,1,6,0.125,23,0.5,1.0,0
31,7,205,34,0,0,78,12,0,495,0,12,3,252,9,296,1,149,86,0,433,0,35,0.003372681281618887,92,513,0.4494301994301994,2807,0.6013824884792627,87.0,0
0,0,0,0,0,0,0,0,0,0,0,0,4,0,0,0,0,0,0,0,0,0,1,0.0,0,4,0.8,4,0.0,0.0,0
2,0,0,0,5,0,0,1,1,40,0,149,55,0,158,255,0,11,5,4,18,6,24,0.0,12,213,0.8214702450408401,856,0.15413533834586465,41.0,0
0,0,1,0,0,0,1,0,0,0,0,0,0,0,0,0,0,0,0,0,0,0,3,0.0,0,1,0.0,3,0.0,0.0,0
0,0,1,0,0,0,1,0,0,1,0,0,2,0,0,0,0,1,0,0,0,0,6,0.0,0,3,0.375,7,0.0,0.0,0
0,0,0,0,0,0,0,0,0,0,0,0,0,0,0,0,0,0,0,0,0,0,2,0.0,0,0,0.2,4,0.0,0.0,0
0,0,1,0,2,0,0,0,0,3,0,0,0,0,0,0,0,1,0,0,0,0,8,0.0,1,1,0.23076923076923078,12,0.0,0.0,0
0,0,3,0,0,0,5,0,0,1,0,4,0,4,0,0,0,2,0,0,0,0,8,0.0,0,7,0.36,24,0.0,0.0,0
52,3,818,20,86,2,348,57,0,1815,0,889,26,285,372,741,1,646,47,12,433,36,44,0.013965087281795512,98,1528,0.6609123348442473,10368,3.189732142857143,98.55172413793103,0
44,3,100,11,16,0,94,8,1,131,13,139,4,109,156,2767,0,40,19,7,103,10,39,0.02,63,383,0.9061175045427013,6603,0.9520255863539445,535.8,0
52,2,112,8,26,0,58,20,1,1815,2,11,2,32,9,278,0,33,24,3,18,36,36,0.0,228,165,0.766347687400319,6269,8.442136498516321,2845.0,0
9,0,10,0,22,1,17,4,0,161,12,146,2,0,145,2891,1,148,2,0,433,36,30,0.0,15,157,0.838382210763777,6205,0.6628943758573388,1933.0,0
48,10,818,20,8,8,714,18,3,1815,13,35,8,224,31,2873,1,38,19,0,433,26,41,0.014736842105263158,117,1111,0.6996834011759385,8843,0.4176651831564533,42.06896551724138,0
52,0,0,0,0,8,6,2,4,184,0,223,108,0,116,289,0,116,54,0,156,36,27,0.0,150,224,0.5361773316603932,2390,1.0436046511627908,359.0,0
10,0,197,29,169,0,433,1,0,285,0,242,104,110,177,60,0,142,35,20,7,0,27,0.0,14,617,0.46798917944093776,2217,0.06713780918727916,19.0,0
1,0,2,0,6,1,6,14,0,11,0,0,8,0,0,456,1,5,1,0,17,0,25,0.14285714285714285,11,10,0.8380281690140845,567,0.00646551724137931,1.0,0
1,16,50,26,2,2,303,3,0,217,0,25,44,136,12,52,0,93,26,19,0,0,30,0.0,2,284,0.4310798946444249,1138,0.01834862385321101,2.0,0
16,39,383,47,169,5,715,49,1,413,52,356,85,275,250,425,1,174,53,20,137,19,46,0.059322033898305086,44,1081,0.49078801331853494,4504,0.5154185022026432,12.10344827586207,0
0,0,0,0,0,0,0,1,0,2,0,2,0,0,1,28,0,3,2,0,22,0,11,0.0,0,1,0.4852941176470588,67,0.0,0.0,0
52,12,818,26,11,5,216,57,0,1219,7,889,18,96,6,1296,0,76,29,4,433,36,40,0.014194464158977998,93,978,0.6996270765058199,8848,2.103016924208977,136.0952380952381,0
10,4,62,17,169,2,226,1,0,226,0,48,93,77,24,39,0,101,21,20,0,0,30,0.0,15,277,0.42193755004003203,1248,0.06995884773662552,17.0,0
36,28,131,80,113,8,731,54,4,465,52,80,108,255,42,477,1,209,68,20,146,34,46,0.0525328330206379,78,647,0.4500772002058672,3885,0.4118457300275482,10.310344827586206,0
10,0,9,0,6,2,10,17,0,14,3,14,20,13,1,279,0,14,2,4,17,0,28,0.0,18,43,0.7223382045929019,478,0.017361111111111112,5.0,0
1,0,10,1,2,0,28,7,3,21,0,3,4,9,2,56,0,14,5,6,77,1,34,0.15384615384615385,7,26,0.3079268292682927,327,0.13846153846153847,1.8,0
15,40,373,45,169,2,566,24,0,485,0,333,30,279,255,376,1,180,45,20,98,7,44,0.05394990366088632,48,1024,0.4866785079928952,3940,0.21405750798722045,4.620689655172414,0
27,40,535,42,7,3,271,57,4,311,0,212,18,196,117,1839,1,172,44,4,433,36,45,0.06320541760722348,75,952,0.6582515868436237,6931,0.995846313603323,66.13793103448276,0
12,16,253,39,169,2,593,3,1,433,0,418,108,239,238,95,0,185,42,20,7,0,33,0.0,17,893,0.5078199808490265,3132,0.05029585798816568,17.0,0
52,13,818,87,169,2,780,57,0,1815,0,889,108,326,372,721,1,646,67,20,433,36,42,0.013466334164588529,98,1727,0.6254833198453377,11120,2.846613545816733,102.07142857142857,0
52,40,321,53,169,8,961,52,4,1815,52,889,108,550,372,2891,0,646,156,20,433,36,46,0.013965087281795512,228,1447,0.6765512265512266,13859,0.8716528162511542,97.65517241379311,0
48,40,818,28,13,4,1033,57,4,802,0,889,6,90,372,2891,1,646,41,4,433,36,46,0.027327935222672066,133,1356,0.6465209078061351,12028,0.9606722689075631,102.07142857142857,0
52,7,818,34,169,3,370,57,3,529,10,336,68,122,39,594,1,117,31,20,433,36,42,0.030598052851182198,107,1090,0.4962282715644474,6097,1.8531553398058251,66.3913043478261,0
52,24,542,67,79,7,1076,57,4,855,52,340,108,631,326,1647,1,181,66,20,227,36,47,0.02742409402546523,133,1702,0.6189915174363808,8487,0.7367280606717227,46.89655172413793,0
22,10,321,72,169,2,576,41,0,359,10,312,44,227,200,559,1,132,38,5,51,10,43,0.06015037593984962,41,877,0.5480645988208152,3900,0.51875,16.6,0
35,40,591,92,169,1,772,12,4,741,6,253,108,371,124,1213,1,201,51,20,43,9,43,0.032,70,1330,0.6689874190790277,8186,1.8421404682274247,94.96551724137932,0
52,9,818,18,86,2,276,57,1,1815,0,889,16,227,372,2891,1,646,156,7,433,36,45,0.013965087281795512,229,1464,0.6899044066215901,12866,0.8874801901743264,96.55172413793103,0
12,9,245,85,169,0,840,5,1,538,0,294,108,494,211,128,0,172,56,20,11,0,33,0.0,27,1152,0.4951560818083961,3715,0.060759493670886074,24.0,0
6,0,3,0,33,0,22,4,0,145,18,145,8,0,127,2891,1,135,2,0,433,36,30,0.0,12,138,0.8340454623141343,5850,0.5517594806969593,1615.0,0
13,0,2,0,0,0,2,2,4,14,0,0,2,0,0,458,0,5,2,0,18,2,23,0.24242424242424243,18,4,0.8860759493670886,789,0.49891540130151846,25.555555555555557,0
32,13,578,61,169,2,561,57,0,398,0,410,40,274,217,762,0,158,39,5,154,36,39,0.055776892430278883,155,1187,0.5546489886112528,5882,1.1970149253731344,41.48275862068966,0
8,3,32,9,2,0,87,7,1,87,0,15,4,109,16,285,0,28,16,1,13,1,36,0.038834951456310676,21,173,0.6518072289156627,829,0.09584664536741214,6.0,0
14,13,310,52,169,3,541,18,1,327,0,318,20,270,221,234,0,141,38,5,49,8,42,0.05027932960893855,34,889,0.4838507369081217,3188,0.27139874739039666,6.842105263157895,0
52,40,818,78,169,8,1076,57,4,1815,52,889,71,698,372,2891,1,646,156,20,433,36,47,0.013965087281795512,229,2081,0.6461160744731638,14662,0.8585160708921598,98.55172413793103,0
0,0,0,0,0,1,0,2,0,1,0,1,5,0,0,0,0,1,0,0,0,0,9,0.0,0,5,0.4666666666666667,14,0.0,0.0,0
5,6,10,27,7,4,151,14,3,228,0,235,108,279,107,1213,1,104,34,5,433,28,41,0.0,64,538,0.6960034013605442,4703,0.8864526233359437,1132.0,0
52,9,818,18,104,2,289,57,1,1815,0,889,24,236,372,2891,1,646,156,11,433,36,45,0.013965087281795512,229,1481,0.688390092879257,12919,0.8824456350456981,96.55172413793103,0
0,0,9,0,0,0,0,1,3,7,0,13,0,0,13,2891,0,4,2,0,433,0,19,0.2222222222222222,0,22,0.8618149675898644,3393,0.000691085003455425,0.6666666666666666,0
0,0,8,0,2,2,33,11,1,1815,52,5,1,1053,0,5,0,646,4,0,1,0,35,0.002197802197802198,140,1062,0.676758479399044,4392,0.3064516129032258,7.6,0
0,0,0,0,0,0,1,1,0,1,0,2,0,0,0,0,0,1,0,0,0,0,6,0.0,0,0,0.375,7,0.0,0.0,0
52,13,818,87,169,2,770,57,0,1815,0,889,108,457,372,800,1,646,76,20,433,36,44,0.013965087281795512,98,1859,0.6308098591549296,11359,2.6172161172161172,98.55172413793103,0
2,40,58,0,25,8,34,37,4,228,52,223,9,140,35,33,1,29,8,0,26,6,39,0.05737704918032787,21,282,0.7215870880968392,2973,21.52238805970149,96.13333333333334,0
52,16,31,25,84,8,289,36,4,511,0,889,108,130,372,2891,1,348,74,4,433,36,43,0.005706134094151213,226,682,0.7067100825677405,8598,0.4096228868660598,252.0,0
46,3,818,11,9,2,99,57,0,505,0,889,8,115,372,427,0,456,22,4,433,36,36,0.0,89,1327,0.5314708852238303,5941,2.074468085106383,975.0,0
52,9,818,20,119,2,293,57,1,1815,0,889,31,260,372,2891,1,646,156,13,433,36,45,0.013965087281795512,229,1514,0.6858298976943045,13097,0.8964868255959849,98.55172413793103,0
1,0,2,0,6,0,6,14,0,11,0,0,8,0,0,498,1,5,1,0,17,0,23,0.14285714285714285,11,10,0.8519736842105263,607,0.005928853754940711,1.0,0
1,16,47,23,1,2,268,3,0,201,0,25,43,129,12,46,0,88,23,19,0,0,27,0.0,2,270,0.4364851957975167,1046,0.0,0.0,0
11,6,23,0,20,6,23,21,4,196,45,108,7,136,24,2480,0,24,10,0,433,6,36,0.027649769585253458,22,196,0.866,5499,0.7078025477707006,254.0,0
7,40,183,0,109,8,647,57,4,427,52,108,37,2,5,705,0,69,58,0,337,24,40,0.04895104895104895,20,267,0.49856184084372,4171,1.0286368843069873,30.96551724137931,0
18,9,80,28,8,2,180,20,1,159,10,76,19,82,23,321,1,78,24,5,42,8,46,0.09278350515463918,38,243,0.524203821656051,1569,0.384,7.578947368421052,0
15,10,75,0,76,5,41,23,4,294,52,142,9,137,40,2891,1,35,20,0,93,1,38,0.08083832335329341,33,271,0.9053228621291448,6875,0.9012717536813922,96.17857142857143,0
10,21,10,42,74,5,186,11,3,1007,0,889,108,398,372,2891,1,245,109,20,433,36,41,0.0,161,955,0.7762368446936166,10166,0.7476605356566635,2317.0,0
1,16,47,23,1,2,278,3,0,202,0,25,43,129,12,47,0,88,23,19,0,0,27,0.0,2,270,0.4330188679245283,1059,0.0,0.0,0
1,0,3,0,0,6,1,1,0,4,0,0,0,2,0,0,1,1,0,0,1,0,22,0.4444444444444444,4,5,0.359375,63,19.0,3.8,0
52,13,818,92,169,3,806,57,0,1815,0,889,108,330,372,740,1,646,68,20,433,36,42,0.013965087281795512,101,1736,0.6239048811013768,11185,2.788292682926829,98.55172413793103,0
1,16,47,22,1,2,273,3,0,202,0,25,43,131,12,45,0,89,23,19,0,0,27,0.0,2,271,0.4358974358974359,1052,0.0,0.0,0
52,16,32,57,38,1,294,5,4,227,0,78,108,132,43,120,0,110,41,2,40,9,39,0.0,102,392,0.42872117400419285,1907,0.47577092511013214,108.0,0
40,38,589,92,169,8,1076,57,4,1182,52,407,108,1053,324,2846,1,289,127,20,433,36,46,0.021005251312828207,156,2208,0.6129366349684587,10620,0.17994463242079362,20.17241379310345,0
8,3,34,9,2,0,87,7,1,103,0,70,4,109,86,302,0,29,17,1,14,2,37,0.03333333333333333,21,245,0.7048371174728529,1012,0.09365558912386707,6.2,0
0,0,1,0,0,0,2,1,0,0,0,0,0,0,0,0,0,0,0,0,0,0,6,0.0,5,1,0.0,15,0.0,0.0,0
1,0,14,0,0,0,2,1,0,14,0,4,1,4,0,2,1,8,1,0,2,10,23,0.5714285714285714,3,19,0.2909090909090909,109,3.0,0.9230769230769231,0
11,7,82,34,169,2,352,1,0,329,0,106,108,128,62,72,0,136,38,20,0,0,30,0.0,16,421,0.4583333333333333,1799,0.05519480519480519,17.0,0
26,10,228,75,169,3,579,4,0,750,0,737,108,359,372,521,1,343,41,20,252,36,39,0.0,190,1156,0.5305101700566855,5997,0.5947712418300654,455.0,0
2,40,67,0,42,8,42,33,4,262,52,232,9,140,37,136,1,33,16,0,46,9,40,0.07829181494661921,21,293,0.6535809018567639,1884,1.958974358974359,16.608695652173914,0
0,0,0,0,0,0,1,0,0,0,0,0,0,0,0,0,0,0,0,0,0,0,2,0.0,0,0,0.3333333333333333,2,0.0,0.0,0
10,16,52,35,7,2,245,16,0,179,0,36,13,192,23,218,1,86,34,4,34,4,42,0.09950248756218906,30,334,0.5010224948875256,1466,0.29553264604810997,4.095238095238095,0
37,28,178,85,58,4,605,42,4,418,51,89,34,308,90,381,1,149,54,15,203,26,46,0.057494866529774126,83,727,0.44160997732426305,3527,0.3204225352112676,6.275862068965517,0
12,0,12,0,6,1,16,17,0,14,3,14,12,13,1,547,0,14,2,4,17,0,28,0.0,29,38,0.7890625,767,0.008992805755395683,5.0,0
0,0,0,0,0,0,6,0,0,0,1,1,0,578,0,0,0,0,0,0,0,0,9,0.0,2,578,0.9477977161500816,612,0.0,0.0,0
6,40,120,9,169,2,930,14,4,322,52,62,4,116,26,761,0,36,21,0,18,1,41,0.08092485549132948,35,316,0.5590933621154884,3705,0.7725856697819314,25.655172413793103,0
0,0,0,0,0,1,1,1,0,1,0,1,0,0,0,0,0,1,0,0,0,0,9,0.0,0,0,0.2,9,0.0,0.0,0
52,9,818,33,133,2,378,57,1,1815,0,889,71,268,372,2891,1,646,156,20,433,36,45,0.013965087281795512,229,1575,0.6792252183820737,13164,0.8612752721617418,95.48275862068965,0
1,16,47,23,1,2,280,3,0,203,0,25,43,131,12,46,0,89,23,19,0,0,27,0.0,2,272,0.4332706766917293,1063,0.0,0.0,0
0,0,11,1,0,0,28,8,3,18,0,4,3,7,3,58,0,13,5,6,77,1,31,0.18181818181818182,8,25,0.30914826498422715,316,0.12307692307692308,1.6,0
52,40,818,68,169,3,575,57,0,1359,12,819,38,309,265,2891,1,320,156,5,433,36,43,0.018076178179470628,101,1542,0.6916440719743653,12170,0.8791141187326976,98.55172413793103,0
27,40,75,0,81,8,1076,57,4,524,52,321,20,272,75,2891,1,47,29,0,151,17,42,0.04590163934426229,54,486,0.7698995145082985,8856,0.9048885932823412,93.82758620689656,0
10,5,136,23,169,2,312,1,0,284,0,164,108,99,101,53,0,141,30,20,0,0,30,0.0,15,472,0.46004439511653716,1801,0.06296296296296296,17.0,0
22,12,194,51,47,5,380,29,1,288,25,38,29,212,10,612,1,92,33,5,32,4,41,0.07763975155279502,47,511,0.6458010536101643,3226,1.2203856749311295,34.07692307692308,0
15,10,305,52,169,2,483,30,0,303,0,299,17,191,191,892,1,149,39,5,89,21,42,0.07183908045977011,33,769,0.6033427495291902,4247,0.609347442680776,26.576923076923077,0
0,0,8,1,0,0,33,6,3,18,0,12,8,15,9,64,0,17,5,3,89,1,30,0.18181818181818182,0,41,0.39714285714285713,349,0.11267605633802817,1.6,0
52,9,818,17,86,2,212,57,1,1815,0,889,13,236,372,2891,1,646,156,8,433,36,45,0.013965087281795512,229,1469,0.6914926527455529,12929,0.906150919467343,98.55172413793103,0
48,3,818,11,9,2,99,57,0,524,0,889,8,115,372,425,0,474,22,4,433,36,36,0.0,91,1327,0.5324891702765745,6001,2.128205128205128,996.0,0
9,1,23,4,0,6,66,7,3,67,0,13,9,165,13,47,1,34,10,6,21,0,39,0.05128205128205128,28,215,0.4954268292682927,655,0.17647058823529413,2.4,0
0,0,0,0,0,0,1,1,0,3,0,0,3,0,0,0,0,3,0,0,0,0,6,0.0,0,3,0.4,14,0.0,0.0,0
1,0,2,0,6,1,1,14,0,11,0,0,16,0,0,298,1,5,1,0,17,0,23,0.14285714285714285,3,18,0.8211586901763224,396,0.00980392156862745,1.0,0
3,0,6,0,6,2,1,2,0,12,0,0,4,4,0,140,1,4,1,0,17,0,27,0.4,9,14,0.6833333333333333,239,0.060810810810810814,1.0,0
17,0,9,0,0,1,43,2,2,10,0,2,1,2,0,0,0,4,0,0,0,0,24,0.0,35,12,0.3719806763285024,206,65.0,65.0,0
52,12,167,44,33,0,1076,6,1,1466,0,186,108,255,122,2891,0,199,82,10,433,36,38,0.0,173,710,0.7038010323791647,10654,0.8676518883415435,2642.0,0
0,5,17,0,43,0,28,3,0,59,0,24,9,22,48,44,0,43,3,20,1,0,27,0.0,5,101,0.5295358649789029,473,0.06593406593406594,6.0,0
11,3,28,9,3,0,90,7,1,99,0,126,2,111,152,274,1,29,16,2,10,3,38,0.0847457627118644,34,305,0.7152777777777778,1151,0.12871287128712872,3.5454545454545454,0
11,4,59,19,169,2,240,1,0,250,0,13,96,89,5,26,0,102,21,20,0,0,30,0.0,16,272,0.3954248366013072,1223,0.008620689655172414,2.0,0
52,0,0,0,1,0,0,2,1,76,0,70,108,0,0,1506,0,3,3,0,81,36,20,0.0,68,108,0.825,2359,0.1712962962962963,259.0,0
52,16,31,26,84,8,287,35,4,505,0,889,108,130,372,2891,1,344,74,4,433,36,43,0.0057553956834532375,226,683,0.706862402423395,8582,0.4078648033799155,251.0,0
52,40,777,45,128,3,1076,36,3,1210,52,218,60,241,164,2891,1,181,48,1,314,36,47,0.02074074074074074,158,1331,0.6642072902942469,11384,0.8870603420458212,94.79310344827586,0
0,0,1,0,0,0,3,0,0,51,3,3,52,0,0,1,0,7,1,20,0,0,15,0.0,0,53,0.7006369426751592,156,0.0,0.0,0
52,40,412,21,49,3,518,23,3,538,0,248,53,373,220,1142,1,138,36,20,169,36,45,0.03977272727272727,186,1123,0.5886475122634899,5707,0.6810207336523126,29.448275862068964,0
1,40,67,0,47,4,118,53,4,225,52,283,45,194,35,185,1,48,20,0,62,7,35,0.1115702479338843,3,381,0.6100056850483229,1758,0.2845849802371542,2.5714285714285716,0
52,23,818,70,169,4,488,57,4,659,10,441,25,212,136,1313,1,149,62,5,433,36,43,0.03297997644287397,149,1288,0.5297950318990091,7366,0.8021491782553729,43.758620689655174,0
22,19,89,43,51,0,294,8,1,240,0,45,64,198,34,434,0,82,36,1,27,8,41,0.014285714285714285,54,451,0.6065783853054251,2340,0.7622504537205081,84.0,0
21,14,226,40,169,6,491,31,4,561,49,358,108,356,192,1814,1,212,57,20,433,7,44,0.013468013468013467,39,936,0.7208163265306122,7349,0.8863636363636364,203.66666666666666,0
2,13,41,16,67,0,439,9,0,183,0,41,91,66,49,34,0,85,13,20,0,0,30,0.0,4,278,0.364347146207975,1278,0.016260162601626018,2.0,0
2,0,0,0,0,0,0,2,1,310,0,210,108,0,105,190,1,110,2,1,224,36,26,0.0,115,213,0.4957341715312079,2226,1.1088082901554404,214.0,0
52,6,789,27,15,3,198,57,0,314,0,181,23,88,12,652,0,74,27,4,433,36,39,0.05555555555555555,94,947,0.4893493415956623,5163,2.0180555555555557,50.10344827586207,0
41,3,222,9,3,0,89,7,1,198,0,25,6,114,24,1177,0,36,20,2,109,36,37,0.01929260450160772,90,378,0.7186670598643468,3390,0.7900826446280992,136.57142857142858,0
0,0,1,0,0,0,1,2,0,2,0,40,0,0,0,0,0,1,0,0,0,0,13,0.5,4,1,0.6885245901639344,60,0.0,0.0,0
12,9,240,26,12,2,165,25,1,368,0,511,6,299,372,906,1,76,28,5,108,6,43,0.05037783375314862,36,954,0.6869565217391305,4139,0.34674922600619196,16.0,0
0,0,0,0,0,0,0,2,0,2,0,1,0,0,0,30,0,2,1,0,28,0,10,0.0,0,0,0.4520547945205479,72,0.0,0.0,0
52,12,818,34,103,2,334,57,1,1815,0,889,31,252,372,2891,1,646,156,14,433,36,45,0.013965087281795512,229,1523,0.6847926267281106,13019,0.8790829145728644,96.51724137931035,0
0,0,18,0,0,0,3,9,0,2,0,0,0,2,0,0,0,1,0,0,0,0,12,0.0,1,20,0.058823529411764705,67,0.0,0.0,0
9,18,11,36,65,2,184,7,0,464,0,294,108,229,185,359,1,215,29,20,176,36,39,0.0,159,590,0.5301650540694366,3513,0.6050420168067226,288.0,0
52,13,818,89,169,2,780,57,0,1815,0,889,108,464,372,800,1,646,79,20,433,36,44,0.013965087281795512,98,1868,0.6312038014783526,11363,2.6148215919487647,98.55172413793103,0
52,15,818,92,169,2,816,57,0,1815,0,889,108,345,372,737,1,646,67,20,433,36,42,0.013965087281795512,98,1753,0.6244752121482805,11194,2.812992125984252,98.55172413793103,0
52,6,818,33,127,3,289,57,3,512,10,337,66,122,36,594,1,115,32,20,433,36,42,0.02849002849002849,107,1083,0.505213588967373,5945,1.9514066496163682,72.66666666666667,0
12,40,7,0,3,6,145,19,1,80,52,26,3,8,4,124,1,13,3,0,116,0,36,0.18064516129032257,30,62,0.5044709388971684,1341,3.3435114503816794,15.10344827586207,0
1,9,70,52,0,0,297,5,1,239,0,88,77,368,70,60,0,75,37,20,4,0,32,0.008264462809917356,12,646,0.555076923076923,1624,0.0,0.0,0
1,0,8,1,2,0,35,6,3,21,0,9,7,14,8,68,0,16,5,4,95,1,34,0.15384615384615385,2,38,0.38419618528610355,366,0.11688311688311688,1.8,0
0,0,0,0,0,0,0,1,0,2,0,2,0,0,1,38,0,3,2,0,22,0,11,0.0,0,1,0.5512820512820513,77,0.0,0.0,0
33,25,277,54,63,5,479,57,4,482,52,77,37,275,51,2663,1,187,69,20,433,36,46,0.04658901830282862,177,723,0.6526662277814351,7594,0.4926573426573427,48.58620689655172,0
20,19,350,68,169,2,599,34,0,376,0,342,17,294,223,397,1,173,56,5,116,24,43,0.06466512702078522,51,975,0.4940209267563528,4013,0.5343283582089552,12.344827586206897,0
19,20,400,61,169,4,569,57,0,327,0,342,31,195,199,500,1,146,39,5,109,36,43,0.07088607594936709,41,910,0.47032306536438767,3992,0.4078061911170929,10.448275862068966,0
8,6,47,19,38,0,150,9,3,136,0,31,10,55,30,2891,0,42,13,1,433,32,36,0.0111731843575419,15,168,0.7714631197097944,4134,0.023350253807106598,23.0,0
52,10,153,24,3,0,206,17,2,220,0,274,8,268,269,2891,0,48,22,1,30,15,36,0.02666666666666667,94,732,0.8851251840942562,7468,0.9124361158432709,297.55555555555554,0
11,4,62,18,169,2,245,1,0,240,0,33,95,89,15,38,0,99,19,20,0,0,30,0.0,16,283,0.41732283464566927,1269,0.07053941908713693,17.0,0
2,31,10,5,0,1,13,10,2,42,0,0,0,4,0,12,0,11,4,0,0,0,30,0.0,10,54,0.251063829787234,234,0.1111111111111111,2.0,0
13,11,7,38,1,1,234,4,1,178,0,25,108,242,24,801,0,76,36,0,89,20,37,0.0,44,432,0.7399347116430903,2756,0.7894131185270425,686.0,0
13,0,13,0,6,3,14,5,0,13,4,1,12,4,0,394,1,4,1,0,17,0,30,0.25806451612903225,25,29,0.7783783783783784,554,0.022388059701492536,1.0,0
19,12,30,44,45,0,234,26,2,253,0,109,108,139,33,747,1,106,34,13,135,33,39,0.0,126,370,0.551496062992126,3174,0.4025821596244131,343.0,0
22,12,192,32,47,5,337,29,1,245,26,38,29,184,10,599,1,85,26,5,32,4,41,0.0931899641577061,47,462,0.653921568627451,3059,1.2675250357653791,32.81481481481482,0
7,0,106,11,7,3,92,57,0,95,0,33,14,33,3,522,0,36,10,4,103,28,36,0.043795620437956206,21,168,0.6129912663755459,1831,0.8496376811594203,67.0,0
0,0,0,0,2,0,5,0,0,2,0,5,1,5,1,1,0,6,1,0,1,0,13,0.0,0,7,0.4411764705882353,33,0.0,0.0,0
0,0,0,0,0,0,2,0,0,5,0,0,0,0,0,0,0,2,0,0,0,0,6,0.0,0,2,0.3125,15,0.0,0.0,0
52,16,818,41,121,2,425,57,1,1815,0,889,63,328,372,2891,1,646,156,20,433,36,45,0.013965087281795512,229,1642,0.6787475713645195,13381,0.8922884795504215,98.55172413793103,0
0,7,10,0,47,8,82,9,2,69,15,157,51,155,2,19,0,72,2,1,0,0,32,0.10810810810810811,0,225,0.6640883977900552,904,1.8985507246376812,14.555555555555555,0
0,0,0,0,0,0,1,1,0,1,0,1,0,0,1,1,0,2,1,0,0,0,10,0.0,0,1,0.38461538461538464,12,0.0,0.0,0
24,16,63,26,30,3,271,30,4,207,52,17,12,172,43,169,0,75,28,14,246,23,46,0.03162055335968379,57,333,0.3984455958549223,1929,0.4528985507246377,13.88888888888889,0
14,15,8,57,6,6,289,5,0,205,0,53,108,200,37,221,1,105,41,6,30,9,39,0.0,49,429,0.5031554790590935,1742,0.18122977346278318,56.0,0
0,0,0,0,0,1,0,1,0,1,0,0,4,0,0,0,0,1,0,0,0,0,7,0.0,0,4,0.45454545454545453,10,0.0,0.0,0
2,0,13,1,17,2,10,1,0,41,0,22,18,146,11,44,0,18,5,20,34,0,33,0.0,13,189,0.6186440677966102,471,0.17647058823529413,12.0,0
2,16,52,23,12,2,318,3,0,222,0,25,46,137,12,49,0,100,26,19,0,0,30,0.0,4,286,0.421410365335599,1176,0.017699115044247787,2.0,0
2,0,3,0,0,6,1,1,0,4,0,0,0,2,0,0,1,1,0,0,1,0,22,0.4,6,5,0.2833333333333333,59,13.0,2.6,0
52,13,818,73,169,2,755,57,0,1815,0,889,108,429,372,785,1,646,77,20,433,36,44,0.013965087281795512,98,1817,0.6318637452319702,11272,2.6512059369202228,98.55172413793103,0
52,13,818,82,169,2,787,57,0,1815,0,889,100,428,372,789,1,646,74,20,433,36,44,0.013466334164588529,98,1817,0.6296886058032555,11303,2.6512059369202228,102.07142857142857,0
20,21,330,62,169,3,569,57,4,400,0,484,49,366,270,955,1,147,46,20,433,36,45,0.05894736842105263,44,1101,0.6087821043910522,6034,0.9717607973421927,40.3448275862069,0
11,4,98,18,169,2,248,1,0,232,0,77,98,82,46,37,0,108,15,20,0,0,30,0.0,16,346,0.4277456647398844,1383,0.07203389830508475,17.0,0
13,0,20,0,7,2,44,17,0,20,3,15,21,14,1,404,0,16,2,4,20,1,31,0.0,23,56,0.7203274215552524,732,0.13526570048309178,56.0,0
0,0,0,0,0,0,1,0,0,2,0,3,0,0,0,0,0,0,0,0,0,0,4,0.0,0,0,0.5,9,0.0,0.0,0
27,3,66,9,3,0,129,9,1,135,19,473,4,109,360,2891,0,38,22,2,433,24,38,0.03664921465968586,71,551,0.8084778420038535,5189,0.0673274094326726,24.625,0
16,20,488,76,169,0,806,16,0,501,0,607,108,246,368,234,0,198,64,20,223,25,37,0.012681159420289856,24,1310,0.4876282438141219,4970,0.6942800788954635,44.0,0
18,14,32,61,39,0,271,4,1,260,0,117,108,115,22,1820,0,92,34,1,82,36,34,0.0,51,356,0.6991294885745375,3675,0.10943983402489627,211.0,0
0,0,2,8,0,1,82,2,1,243,0,0,35,173,0,8,0,36,7,20,0,0,23,0.0,4,218,0.6740088105726872,680,0.0,0.0,0
1,0,35,1,16,0,130,8,0,49,0,5,16,138,7,34,0,12,5,20,232,0,31,0.33962264150943394,10,197,0.459958932238193,973,3.526315789473684,10.578947368421053,0
15,11,258,71,169,3,602,13,0,323,0,279,20,215,197,289,1,133,39,5,43,5,42,0.07670454545454546,31,775,0.4756530151564012,3100,0.23595505617977527,4.5,0
52,13,818,86,169,2,770,57,0,1815,0,889,108,442,372,786,1,646,71,20,433,36,44,0.013965087281795512,98,1843,0.6310902820762225,11308,2.6610800744878955,98.55172413793103,0
0,0,2,0,0,1,1,1,0,1,0,0,0,0,0,0,0,1,0,0,0,0,8,0.0,0,2,0.09090909090909091,10,0.0,0.0,0
40,31,396,86,169,7,710,57,4,462,52,328,43,332,236,572,1,181,52,12,205,32,46,0.051756007393715345,93,1128,0.4899919935948759,4995,0.4970896391152503,14.724137931034482,0
1,40,13,0,24,4,58,10,2,128,45,222,34,185,31,32,1,32,7,0,11,1,34,0.030303030303030304,3,303,0.5929127052722558,1156,0.21875,2.8,0
8,0,0,9,4,0,87,1,1,92,0,17,81,113,17,847,0,30,16,2,21,4,31,0.0,33,220,0.8396856581532417,2544,1.112884834663626,976.0,0
52,9,818,20,97,2,296,57,1,1815,0,889,27,254,372,2891,1,646,156,11,433,36,45,0.013965087281795512,229,1504,0.6866916660289278,13066,0.9021464646464646,98.55172413793103,0
52,9,818,29,93,2,341,57,1,1815,0,889,46,267,372,2891,1,646,156,20,433,36,45,0.013965087281795512,229,1545,0.6839586814522254,13165,0.901292967518133,98.55172413793103,0
8,15,106,33,31,0,193,10,4,188,40,25,0,87,23,48,1,61,29,0,60,8,40,0.1141552511415525,37,267,0.39586206896551723,1449,1.3455882352941178,7.038461538461538,0
1,40,7,8,11,4,100,13,4,154,0,216,12,219,27,11,1,49,10,0,0,0,33,0.02531645569620253,3,313,0.6041083099906629,1070,0.14634146341463414,1.2,0
12,16,249,39,169,2,542,3,1,397,0,438,108,215,248,2891,0,182,41,20,7,0,32,0.0,17,875,0.746483704974271,5829,0.0035110118097669966,11.0,0
12,16,251,55,169,2,656,3,1,470,0,383,108,238,230,108,0,190,47,20,7,0,33,0.0,17,898,0.4936630602782071,3234,0.04644808743169399,17.0,0
0,0,0,0,0,1,2,1,0,2,0,0,3,0,0,0,0,2,0,0,1,0,12,0.0,0,3,0.4444444444444444,26,4.0,8.0,0
12,16,249,39,169,2,588,3,1,434,0,444,108,232,254,80,0,186,41,20,7,0,33,0.0,17,898,0.5102236421725239,3129,0.006211180124223602,2.0,0
8,0,0,2,4,0,7,0,2,48,0,17,98,3,0,87,0,23,6,1,45,16,28,0.0,44,103,0.3719806763285024,827,0.58,58.0,0
29,40,658,47,156,1,1076,57,4,1197,52,889,54,303,372,1044,1,295,62,1,433,36,47,0.020527859237536656,196,1478,0.5245045686483921,8426,0.5241749808135073,23.551724137931036,0
18,9,77,26,7,1,166,25,0,114,10,23,12,82,4,478,1,68,22,4,30,3,40,0.11347517730496454,44,212,0.6007485963817841,1602,0.47547169811320755,14.823529411764707,0
6,40,103,9,169,2,874,14,4,322,45,58,4,116,23,792,0,35,19,0,18,0,39,0.0755813953488372,35,296,0.5514511873350924,3410,0.5372983870967742,19.74074074074074,0
37,4,4,2,0,0,57,10,0,171,0,1,1,140,0,2,0,17,1,0,0,0,29,0.023809523809523808,52,151,0.6213592233009708,514,1.0,1.0,0
0,0,0,0,0,0,0,2,0,1,0,2,4,0,0,0,0,1,0,0,0,0,7,0.0,0,4,0.5384615384615384,12,0.0,0.0,0
52,13,818,92,169,2,945,57,0,1815,0,889,108,370,372,728,1,646,66,20,433,36,42,0.013466334164588529,98,1776,0.6177378118663492,11342,2.824110671936759,102.07142857142857,0
14,3,264,29,169,0,320,16,0,301,0,71,86,120,27,209,0,103,29,20,240,31,36,0.014044943820224719,22,533,0.43293115684882894,2817,1.023041474654378,74.0,0
52,15,818,92,169,2,891,57,0,1815,0,889,108,349,372,762,1,646,67,20,433,36,42,0.013965087281795512,98,1757,0.6209641751437417,11304,2.7323135755258128,98.55172413793103,0
44,3,100,9,16,0,92,8,1,129,13,139,4,109,156,2765,0,40,19,7,103,10,39,0.020202020202020204,63,381,0.9068850470124356,6593,0.9533807829181494,535.8,0
52,9,818,19,98,2,290,57,1,1815,0,889,27,248,372,2891,1,646,156,12,433,36,45,0.013965087281795512,229,1497,0.6869158878504673,13053,0.9027163613392293,98.55172413793103,0
9,12,20,1,14,0,35,8,0,14,0,1,1,2,0,5,0,9,2,0,0,0,27,0.15384615384615385,17,36,0.22115384615384615,207,1.0869565217391304,5.0,0
22,0,1,0,1,2,8,7,2,8,0,1,0,0,2,24,0,3,2,0,17,0,27,0.0,34,3,0.2569444444444444,143,0.17857142857142858,5.0,0
15,4,37,1,12,2,38,40,1,50,20,38,32,31,12,828,0,21,5,4,57,7,39,0.0,41,117,0.8948041975940619,3906,2.957497048406139,2505.0,0
0,0,0,0,0,0,1,1,0,1,0,0,0,0,0,0,0,1,0,0,0,0,6,0.0,0,0,0.25,7,0.0,0.0,0
1,0,4,0,0,0,7,0,0,1,0,4,0,4,0,0,0,2,0,0,0,0,9,0.0,2,8,0.3103448275862069,28,0.0,0.0,0
11,4,104,18,169,2,270,1,0,238,0,111,96,93,62,22,0,109,18,20,0,0,30,0.0,16,377,0.4312242090784044,1453,0.008928571428571428,2.0,0
0,0,0,0,0,1,1,1,0,1,0,0,0,0,0,0,0,1,0,0,0,0,6,0.0,0,0,0.14285714285714285,6,0.0,0.0,0
1,0,2,0,6,0,6,14,0,11,0,0,8,0,0,420,1,5,1,0,17,0,23,0.14285714285714285,11,10,0.8301886792452831,529,0.007009345794392523,1.0,0
12,16,246,39,169,2,544,3,1,399,0,422,108,203,246,2891,0,183,41,20,7,0,33,0.0,17,858,0.7447799827437446,5794,0.0012767315671879987,4.0,0
35,7,301,21,16,8,155,17,2,285,0,56,44,251,42,353,1,97,50,20,358,36,42,0.022727272727272728,82,666,0.6899906454630496,5344,6.431870669745958,253.1818181818182,0
0,0,0,0,0,0,1,0,0,2,24,24,25,0,0,0,0,1,0,0,0,0,9,0.0,0,25,0.7314814814814815,107,0.0,0.0,0
16,9,192,65,169,2,582,9,0,395,0,270,108,262,190,242,1,194,59,20,39,3,40,0.0,52,829,0.4811379097093383,3233,0.10465116279069768,54.0,0
2,0,0,0,2,0,0,1,1,26,0,100,27,0,111,213,0,8,5,1,12,3,24,0.0,14,138,0.833063209076175,616,0.12217194570135746,27.0,0
52,16,818,77,169,4,563,57,2,657,9,423,28,242,144,1213,1,144,59,5,433,36,43,0.03305785123966942,148,1329,0.5066066910317684,7113,0.7099391480730223,36.206896551724135,0
3,0,24,0,111,0,2,14,4,56,0,22,0,0,3,1658,0,17,7,0,433,2,28,0.10810810810810811,6,27,0.8401969561324978,4467,1.1401238041643218,225.11111111111111,0
14,4,325,16,169,0,349,16,0,295,0,165,84,106,89,197,0,94,18,20,240,31,36,0.014285714285714285,22,628,0.4461436170212766,3007,1.1072319201995013,74.0,0
27,3,56,9,3,0,129,9,1,126,17,376,4,109,293,2891,0,38,22,2,433,21,38,0.03910614525139665,68,474,0.8057119871279164,4971,0.06322624743677376,23.125,0
0,0,0,0,0,0,0,1,0,2,0,1,0,0,0,32,0,2,1,0,25,0,10,0.0,0,0,0.49295774647887325,70,0.0,0.0,0
52,6,172,21,8,7,160,57,4,214,10,116,22,206,32,2891,1,109,37,4,108,36,46,0.08115942028985507,124,461,0.7884162611834877,6370,0.5364126770060688,54.86206896551724,0
1,0,6,0,7,1,6,14,0,12,0,0,8,0,0,522,1,6,1,0,18,0,25,0.13333333333333333,11,14,0.8405572755417957,645,0.007532956685499058,1.3333333333333333,0
12,16,253,39,169,2,590,3,1,434,0,441,108,242,248,95,0,186,42,20,7,0,33,0.0,17,906,0.5140511525102621,3166,0.05029585798816568,17.0,0
1,0,1,1,0,1,7,7,0,7,2,11,4,0,2,1,0,6,1,0,0,0,26,0.0,3,8,0.34065934065934067,90,0.0,0.0,0
8,3,54,9,6,0,89,8,1,101,52,70,4,109,86,322,0,33,16,2,13,6,38,0.04918032786885246,29,265,0.6720890410958904,1167,0.09887005649717515,5.0,0
10,40,194,48,169,4,516,12,4,421,0,602,108,311,267,60,1,190,48,20,7,0,33,0.0,16,968,0.5302720093594618,3418,0.006535947712418301,2.0,0
1,40,4,4,10,4,49,12,4,127,0,215,22,194,26,5,1,34,5,0,0,0,27,0.0,3,290,0.609100310237849,966,0.0,0.0,0
12,16,254,39,169,2,591,3,1,434,0,405,108,242,230,80,0,186,42,20,7,0,33,0.0,17,889,0.500486223662885,3084,0.006191950464396285,2.0,0
18,8,24,0,64,5,6,19,4,255,0,97,7,136,34,2891,1,24,13,0,83,0,34,0.08996539792387544,39,209,0.928767960868236,6541,0.8992926911417986,98.88888888888889,0
33,13,32,57,40,0,326,4,1,330,0,104,108,212,109,1610,0,92,40,2,204,36,36,0.0,73,535,0.7617680826636051,5225,0.910196987253766,1571.0,0
0,0,0,0,0,1,1,0,0,0,0,0,0,0,0,0,0,0,0,0,0,0,3,0.0,0,0,0.0,3,0.0,0.0,0
0,0,0,0,0,0,2,0,0,2,0,4,0,4,0,0,0,2,0,0,0,0,7,0.0,0,4,0.5263157894736842,18,0.0,0.0,0
52,6,12,25,0,0,151,9,0,194,0,6,2,65,4,37,0,57,21,0,11,36,31,0.011363636363636364,59,116,0.3824074074074074,1079,2.5609756097560976,42.0,0
15,21,50,83,56,0,456,7,2,593,0,376,108,184,69,2891,1,158,52,1,433,36,38,0.0,105,519,0.7546718817905259,9203,0.8934076746474254,2724.0,0
2,5,20,8,0,1,68,18,2,43,0,22,2,15,15,109,1,25,9,0,23,0,36,0.2727272727272727,13,65,0.4238921001926782,518,0.1796875,1.4375,0
0,0,0,0,0,0,0,1,0,1,0,0,4,0,0,0,0,1,0,0,0,0,5,0.0,0,4,0.5555555555555556,8,0.0,0.0,0
0,0,0,0,0,0,1,0,0,0,0,0,2,0,0,0,0,0,0,0,0,0,3,0.0,0,2,0.4,4,0.0,0.0,0
41,27,387,47,33,4,301,57,4,416,52,160,29,197,115,1072,1,214,70,12,309,36,46,0.05090909090909091,94,805,0.5331166192604633,4921,0.49797242497972427,21.17241379310345,0
37,4,4,2,0,0,57,9,0,170,0,1,1,140,0,2,0,17,1,0,0,0,29,0.023923444976076555,52,151,0.6194174757281553,514,1.0,1.0,0
20,19,400,67,169,2,616,46,0,407,0,390,22,310,263,253,1,182,50,5,108,36,42,0.058823529411764705,44,1085,0.4564451158106747,3971,0.31007751937984496,5.517241379310345,0
0,0,9,0,1,6,0,1,1,2,0,10,0,11,4,1,0,4,1,1,2,0,23,0.0,4,24,0.3333333333333333,83,0.2,1.0,0
52,17,520,44,40,0,288,8,1,397,0,62,10,193,36,2891,0,98,36,2,433,36,39,0.0068143100511073255,115,824,0.7270399255034339,8590,0.9472981987991995,568.0,0
52,3,818,17,86,2,262,57,0,1815,0,889,20,176,372,708,1,646,45,10,433,36,44,0.013965087281795512,202,1410,0.648766328011611,10334,3.3232558139534882,98.55172413793103,0
16,15,413,89,169,4,807,29,0,538,0,433,108,342,293,307,1,207,64,20,69,18,43,0.048109965635738834,38,1263,0.4943968358602505,4550,0.3554421768707483,7.206896551724138,0
17,10,317,37,169,3,469,54,2,294,0,480,33,199,264,859,1,130,30,5,347,36,45,0.049315068493150684,34,863,0.5985211830535572,5003,0.8190212373037857,46.68421052631579,0
52,17,818,88,169,2,658,57,1,1815,0,889,93,398,372,2891,1,646,156,20,433,36,45,0.013965087281795512,229,1790,0.6635153806995855,13750,0.8575367647058824,96.51724137931035,0
28,40,818,49,169,2,477,57,0,762,0,889,27,187,372,1943,1,576,45,20,433,36,44,0.03017241379310345,57,1497,0.5893019038984587,8823,0.526508226691042,39.724137931034484,0
7,0,0,0,0,0,4,11,0,6,0,1,0,0,0,0,1,3,0,0,1,0,18,0.125,15,0,0.15254237288135594,58,4.0,1.3333333333333333,0
52,9,818,27,32,8,606,57,1,896,0,186,36,711,41,2462,1,157,106,8,433,36,44,0.02578268876611418,145,1644,0.6545914069081719,10682,1.0891768292682926,98.55172413793103,0
1,0,0,0,0,0,1,0,0,9,0,1,0,0,0,0,0,4,0,0,12,0,13,0.0,2,0,0.3673469387755102,48,2.4,12.0,0
0,0,7,0,0,0,6,0,0,2,1,0,9,0,0,1,0,1,1,0,0,0,17,0.5,0,16,0.3469387755102041,48,0.6666666666666666,0.6666666666666666,0
52,12,818,41,169,2,404,57,1,1815,0,889,72,285,372,2891,1,646,156,20,433,36,45,0.013965087281795512,229,1604,0.6742355434453527,13211,0.834715821812596,93.6896551724138,0
1,0,0,0,1,0,7,8,1,5,0,1,0,0,2,0,0,2,0,0,0,0,17,0.0,3,2,0.225,39,1.0,2.0,0
1,0,2,0,6,0,6,14,0,11,0,0,8,0,0,626,1,5,1,0,17,0,23,0.14285714285714285,11,10,0.8777173913043478,735,0.00473186119873817,1.0,0
35,20,818,35,169,2,494,47,4,1611,52,365,17,247,49,2612,1,240,156,10,433,36,47,0.015712682379349047,111,1187,0.627496671105193,9011,0.2893944463031114,29.82758620689655,0
52,0,116,0,3,4,1,10,4,54,0,8,2,55,3,300,1,20,3,1,53,36,35,0.19444444444444445,132,176,0.42333333333333334,1199,0.40390879478827363,4.275862068965517,0
11,16,238,53,169,2,594,3,0,434,0,410,108,211,245,91,0,186,45,20,7,0,32,0.0,16,871,0.49935316946959896,3091,0.005797101449275362,2.0,0
13,40,270,42,169,4,594,57,4,613,52,650,108,365,284,340,1,219,71,20,98,11,39,0.043209876543209874,19,1109,0.5584358523725835,4551,0.1927512355848435,4.0344827586206895,0
2,0,0,0,8,0,3,4,1,15,0,7,42,0,3,169,1,12,2,2,18,4,26,0.0,20,45,0.6475,399,0.10555555555555556,19.0,0
52,9,818,33,103,2,388,57,1,1815,0,889,61,294,372,2891,1,646,156,20,433,36,45,0.013965087281795512,229,1591,0.6815065913370998,13274,0.8973312401883831,98.55172413793103,0
16,11,60,27,8,3,180,15,0,1815,0,12,16,82,4,434,1,496,30,11,44,2,41,0.013528138528138528,49,202,0.6867114093959732,3724,0.41851106639839036,8.0,0
0,0,0,0,0,0,0,1,0,3,0,0,0,0,0,5,0,2,1,0,4,0,9,0.0,1,0,0.4,19,0.0,0.0,0
27,3,110,9,9,0,157,10,1,155,13,544,4,109,372,2891,0,42,21,2,433,29,39,0.028708133971291867,70,607,0.7957501373878,5458,0.0822244967587854,34.42857142857143,0
4,6,9,24,5,8,133,12,3,402,0,222,108,56,160,980,0,179,28,4,433,36,39,0.0,148,364,0.5579441561650605,4046,0.4492753623188406,465.0,0
52,40,448,64,91,3,1021,23,3,739,0,278,59,517,246,1198,1,175,51,20,169,36,45,0.030939226519337018,188,1378,0.5540579710144927,6899,0.6126255380200861,29.448275862068964,0
0,8,3,0,10,4,15,2,2,94,0,112,10,176,26,0,0,18,0,0,2,0,24,0.0,0,223,0.7147707979626485,588,0.36363636363636365,4.0,0
9,5,119,25,169,2,325,1,0,282,0,142,108,107,86,54,0,135,30,20,0,0,30,0.0,14,450,0.45397727272727273,1759,0.06227106227106227,17.0,0
39,37,239,82,58,8,631,49,4,453,52,114,40,354,93,925,1,155,55,11,315,28,46,0.05303030303030303,87,849,0.5110869565217391,4599,0.2907608695652174,11.068965517241379,0
0,0,0,0,0,2,1,2,0,1,0,0,0,0,0,0,0,1,0,0,0,0,7,0.0,0,0,0.08333333333333333,11,0.0,0.0,0
52,16,818,76,169,4,616,57,2,664,10,518,32,258,202,1212,1,158,59,5,433,36,43,0.03278688524590164,148,1406,0.5140605895938052,7360,0.7109004739336493,36.206896551724135,0
7,0,0,0,2,0,0,1,1,12,0,6,37,4,5,200,0,7,3,1,8,3,26,0.0,25,46,0.7051282051282052,389,0.05825242718446602,12.0,0
0,0,4,0,1,0,0,0,1,1,0,0,0,0,1,0,0,0,0,1,2,0,12,0.0,0,5,0.1,19,0.5,1.0,0
14,14,227,79,169,2,587,9,1,356,0,338,108,350,230,162,1,156,50,20,88,5,44,0.00516795865633075,51,1012,0.4785167745732784,3397,0.11737089201877934,16.666666666666668,0
10,21,11,43,74,5,188,11,3,894,0,889,108,390,372,2891,1,245,109,20,433,36,41,0.0,161,949,0.77300308365662,10052,0.7474193548387097,2317.0,0
37,7,89,17,35,3,195,43,4,177,52,43,19,134,35,1071,1,82,27,5,170,23,45,0.08583690987124463,90,302,0.5980790543036572,2706,0.096137339055794,5.333333333333333,0
52,30,818,65,164,3,548,43,4,1068,52,164,17,270,68,2891,0,189,97,12,433,36,45,0.022257551669316374,106,1272,0.673536299765808,10674,0.8867514737821905,98.55172413793103,0
1,3,4,11,0,2,101,7,1,98,0,29,23,254,32,37,0,31,16,20,3,0,31,0.0,11,327,0.6410256410256411,740,0.046153846153846156,3.0,0
52,40,818,75,0,0,152,9,3,1014,13,146,2,78,172,1451,0,58,21,0,47,36,37,0.015780730897009966,164,1189,0.6535081967213114,7624,1.5128883013879708,114.45,0
0,0,0,0,2,0,5,0,0,2,0,5,1,5,1,1,0,6,1,0,1,0,13,0.0,0,7,0.4411764705882353,33,0.0,0.0,1
0,0,0,0,0,0,17,5,0,5,0,1,4,0,0,0,0,4,0,0,0,0,12,0.0,0,4,0.21153846153846154,51,0.0,0.0,1
0,0,0,0,0,0,1,0,0,0,1,0,0,0,0,0,0,0,0,0,0,0,3,0.0,0,0,0.16666666666666666,5,0.0,0.0,1
0,0,0,0,0,0,3,1,0,5,2,1,0,0,0,1,0,2,1,0,1,0,13,0.0,0,0,0.34615384615384615,25,0.0,0.0,1
0,0,0,0,0,0,3,0,0,0,0,0,0,0,0,0,0,0,0,0,0,0,2,0.0,0,0,0.0,5,0.0,0.0,1
2,0,3,0,0,0,0,0,0,1,13,3,0,0,0,0,0,2,0,0,0,0,15,0.0,9,3,0.4,44,2.0,2.0,1
0,0,0,0,0,0,12,0,0,11,1,2,2,0,10,0,0,11,0,0,0,0,10,0.0,0,12,0.5094339622641509,52,0.0,0.0,1
0,2,0,0,0,0,2,1,0,7,0,0,0,0,0,0,0,2,0,0,0,0,11,0.0,1,2,0.2916666666666667,23,0.0,0.0,1
19,0,119,1,21,0,51,25,4,191,13,371,16,190,67,2713,1,42,15,20,433,24,42,0.1222707423580786,50,393,0.7581145338019434,4836,0.04362050163576881,4.137931034482759,1
0,1,5,0,3,0,27,0,0,17,13,18,2,15,1,146,0,8,1,0,1,0,26,0.3157894736842105,0,24,0.7263513513513513,295,0.012987012987012988,0.2857142857142857,1
13,0,25,0,1,0,12,17,2,89,19,337,16,164,38,2350,1,27,8,20,59,18,39,0.24778761061946902,30,243,0.8733784545967287,3545,0.03898305084745763,3.1724137931034484,1
0,0,0,0,0,0,2,0,0,0,0,0,0,0,0,0,0,0,0,0,0,0,1,0.0,0,0,0.0,2,0.0,0.0,1
0,0,0,0,0,0,9,0,0,0,0,0,0,0,0,0,0,0,0,0,0,0,4,0.0,0,0,0.9810495626822158,685,673.0,673.0,1
0,0,0,0,0,0,1,0,0,0,0,0,0,0,0,0,0,0,0,0,0,0,2,0.0,0,0,0.0,4,0.0,0.0,1
0,0,6,0,0,0,3,0,1,2,0,6,1,6,1,0,0,6,0,0,0,0,18,0.75,1,14,0.34782608695652173,45,0.0,0.0,1
11,4,274,4,12,4,75,22,4,110,0,23,20,163,17,920,1,39,16,20,377,6,41,0.2014388489208633,32,482,0.6557231588287489,3380,1.0283315844700944,33.793103448275865,1
0,0,4,0,0,0,3,0,0,1,0,0,0,0,0,2,0,1,1,0,1,0,9,0.0,0,4,0.91875,159,36.0,144.0,1
0,0,4,0,0,0,2,1,0,13,0,4,5,340,3,2,0,4,1,6,1,0,17,0.0,140,352,0.5132867132867133,714,0.0,0.0,1
0,0,4,0,0,0,3,0,0,1,0,0,0,0,0,2,0,1,1,0,1,0,9,0.0,0,4,0.8555555555555555,89,18.5,74.0,1
0,0,0,0,0,0,9,0,0,0,52,0,0,0,0,0,0,0,0,0,0,0,4,0.0,0,0,0.7536231884057971,68,0.0,0.0,1
0,0,0,0,0,0,4,0,1,1,0,0,0,0,0,1,0,1,1,0,0,0,10,0.0,0,0,0.35294117647058826,16,0.6666666666666666,2.0,1
3,40,43,11,4,2,438,8,0,130,0,39,8,93,16,227,0,86,23,0,0,0,34,0.04411764705882353,5,215,0.38774002954209746,1353,0.02631578947368421,1.0,1
0,40,0,0,0,0,67,0,1,78,4,525,0,588,1,148,0,324,60,0,60,36,25,0.0,140,629,0.5679389312977099,2619,0.937799043062201,196.0,1
0,0,1,0,2,0,8,0,0,3,0,2,0,0,0,0,0,1,0,0,0,0,9,0.0,0,1,0.21739130434782608,22,0.0,0.0,1
0,0,0,0,0,0,3,0,0,1,0,0,0,0,0,0,0,0,0,0,0,0,3,0.0,0,0,0.16666666666666666,5,0.0,0.0,1
0,0,0,0,0,0,0,0,0,0,0,0,0,0,0,0,0,0,0,0,0,0,1,0.0,0,0,0.5,1,0.0,0.0,1
0,0,4,0,0,0,2,0,0,3,0,0,0,0,0,4,0,2,1,0,2,0,8,0.0,0,4,0.3333333333333333,20,0.0,0.0,1
3,7,63,9,12,0,142,15,3,147,52,39,3,907,60,83,0,56,16,0,264,7,39,0.13071895424836602,146,1049,0.5061776061776062,2589,0.33884297520661155,1.9523809523809523,1
0,0,0,0,0,0,1,0,0,0,0,0,0,0,0,0,0,0,0,0,0,0,1,0.0,0,0,0.0,1,0.0,0.0,1
0,0,0,0,0,0,4,0,0,0,0,0,0,0,0,0,0,0,0,0,0,0,2,0.0,0,0,0.0,6,0.0,0.0,1
2,7,18,9,0,0,100,9,0,62,26,26,3,111,26,23,0,28,14,0,2,0,32,0.03076923076923077,18,174,0.49822695035460995,563,0.3617021276595745,5.666666666666667,1
0,0,0,0,0,0,3,0,0,0,0,0,0,0,0,0,0,0,0,0,0,0,1,0.0,0,0,0.0,3,0.0,0.0,1
0,0,0,0,2,0,10,1,1,4,33,62,0,0,3,10,0,6,1,0,0,0,19,0.0,5,3,0.6822916666666666,191,1.3571428571428572,19.0,1
1,9,3,0,10,4,15,4,1,100,0,208,14,176,25,0,1,19,0,0,0,0,23,0.0,3,227,0.7557803468208093,691,0.0,0.0,1
0,0,20,0,0,4,19,4,0,8,0,0,0,0,0,6,0,4,1,0,0,0,15,0.0,38,20,0.07766990291262135,205,0.0,0.0,1
0,0,0,0,0,0,18,0,0,1628,1,889,5,1053,19,3,0,646,1,0,0,0,19,0.0,0,1077,0.8524322114729527,7338,474.1666666666667,2845.0,1
0,0,0,0,0,0,84,2,0,0,18,85,0,0,0,123,0,3,0,0,0,0,9,0.0,0,0,0.7195571955719557,541,1.3225806451612903,164.0,1
0,0,0,0,0,0,18,0,0,1197,1,889,5,1053,19,4,0,646,1,0,0,0,19,0.0,0,1077,0.8359339494016058,6600,362.42857142857144,2537.0,1
0,0,4,0,0,0,2,0,0,77,0,0,0,0,0,38,0,2,2,0,2,0,14,0.0,0,4,0.8052631578947368,189,0.9512195121951219,39.0,1
0,0,4,0,0,0,18,6,0,1815,31,889,4,1053,372,526,0,646,156,0,0,0,29,0.0,140,1433,0.772350122706556,8556,2.561006289308176,2036.0,1
0,0,8,0,2,2,33,11,1,1815,52,5,1,1053,0,5,0,646,4,0,1,0,35,0.002197802197802198,140,1062,0.6766044606281293,4393,0.3064516129032258,7.6,1
0,0,0,0,0,0,1,1,0,1,0,0,0,0,0,0,0,1,0,0,0,0,4,0.0,0,0,0.2,4,0.0,0.0,1
0,0,0,0,0,0,1,0,0,1,0,0,0,0,0,0,0,1,0,0,0,0,5,0.0,0,0,0.3333333333333333,5,2.0,2.0,1
0,0,0,0,2,0,9,1,0,4,29,62,0,0,3,9,0,6,1,0,0,0,18,0.0,5,3,0.7689243027888446,250,1.3846153846153846,18.0,1
0,0,1,0,2,0,3,0,0,3,0,0,0,0,0,0,0,1,0,0,0,0,10,0.0,1,1,0.16666666666666666,17,0.0,0.0,1
0,4,9,2,4,1,34,7,0,14,27,20,29,13,0,8,0,21,2,0,0,4,25,0.0,0,57,0.4703389830508475,235,0.0,0.0,1
1,0,818,1,1,4,19,8,1,1815,3,290,2,669,372,2891,0,646,156,2,1,0,39,0.0,142,1862,0.745579734784087,11763,0.9000316355583676,2845.0,1
2,7,18,9,0,0,100,9,0,63,26,26,3,111,26,23,0,28,14,0,2,0,32,0.030303030303030304,18,174,0.49823321554770317,565,0.3617021276595745,5.666666666666667,1
1,0,818,1,0,0,8,8,0,1815,2,288,0,574,19,2891,0,646,156,0,0,0,33,0.0,142,1412,0.7362365020357585,11297,0.9044303797468355,2858.0,1
1,6,12,1,0,0,16,10,0,894,0,105,2,1021,4,9,0,14,3,0,1,0,30,0.03125,142,1046,0.7922178988326848,2569,0.0,0.0,1
0,0,0,0,0,0,33,0,0,21,0,0,0,0,0,66,0,0,0,0,0,0,8,0.0,0,0,0.5381165919282511,222,0.4925373134328358,33.0,1
0,0,0,0,0,0,6,0,0,0,2,2,0,578,0,0,0,0,0,0,0,0,9,0.0,2,578,0.9479674796747968,614,0.0,0.0,1
1,0,6,1,0,2,32,11,0,34,10,19,1,18,9,13,0,21,8,0,1,0,35,0.0,11,36,0.4429530201342282,297,1.037037037037037,28.0,1
0,0,8,0,2,2,35,11,1,1815,52,5,1,1053,0,757,0,646,4,0,1,0,35,0.002197802197802198,140,1062,0.7237225568292209,5146,0.04337899543378995,7.6,1
1,0,3,1,0,2,29,11,0,40,10,18,0,15,11,19,0,22,13,0,1,0,34,0.0,9,31,0.46835443037974683,315,0.95,38.0,1
0,0,9,0,2,2,55,11,1,1815,52,6,2,1053,0,7,0,646,4,0,1,0,35,0.002197802197802198,140,1064,0.6737364620938628,4431,0.31746031746031744,8.0,1
1,0,3,1,0,2,29,11,0,33,10,14,0,13,9,13,0,17,8,0,1,0,34,0.0,8,27,0.449438202247191,266,1.0740740740740742,29.0,1
0,0,818,0,0,0,1076,0,0,1302,0,0,0,855,93,1997,0,646,156,0,0,0,23,0.0,140,1766,0.5923295454545454,9855,0.7537511032656664,1708.0,1
0,0,4,0,0,0,2,0,0,1,0,0,0,0,0,2,0,1,1,0,1,0,9,0.0,0,4,0.29411764705882354,16,0.0,0.0,1
2,0,818,0,0,0,20,3,0,1815,52,14,4,145,372,316,0,117,105,1,98,0,31,0.0010940919037199124,144,1339,0.6356302521008403,5949,2.7914691943127963,392.6666666666667,1
2,7,18,9,0,0,100,9,0,63,26,26,3,111,26,23,0,28,14,0,2,0,32,0.030303030303030304,18,174,0.49911504424778763,564,0.3617021276595745,5.666666666666667,1
52,2,0,0,0,0,4,0,1,1815,0,56,0,181,4,2619,1,104,1,0,0,0,26,0.013965087281795512,90,191,0.9111056390051712,8121,1.085463563525372,98.10344827586206,1
0,0,0,0,0,0,0,0,0,0,0,0,0,0,0,0,0,0,0,0,0,0,1,0.0,0,0,0.9932885906040269,148,148.0,148.0,1
0,1,5,0,3,0,27,0,0,64,13,18,2,15,1,146,0,8,1,0,1,0,26,0.09090909090909091,0,24,0.7638483965014577,342,0.012987012987012988,0.2857142857142857,1
1,0,2,0,6,0,2,3,0,9,0,1,4,0,1,490,1,5,1,0,17,0,25,0.16666666666666666,11,7,0.8784722222222222,575,0.006024096385542169,1.0,1
3,0,4,0,1,1,2,1,1,2,0,3,0,2,1,1,1,5,1,0,0,0,23,0.6666666666666666,12,7,0.16666666666666666,53,0.0,0.0,1
0,40,0,10,0,0,19,5,0,123,0,110,4,329,0,0,0,117,0,0,0,0,19,0.0,0,387,0.49691833590138673,1297,78.0,78.0,1
0,0,4,0,0,0,2,1,0,2,0,0,0,0,0,2,0,2,1,0,1,0,11,0.0,4,4,0.15384615384615385,25,0.0,0.0,1
0,0,10,0,0,0,493,3,1,3,1,0,0,0,0,0,0,1,0,0,0,0,13,4.5,0,10,0.008726003490401396,572,0.0,0.0,1
3,7,18,9,0,0,98,9,0,64,26,26,3,111,26,23,0,28,14,0,2,0,31,0.029411764705882353,20,174,0.5108303249097473,553,0.0851063829787234,1.3333333333333333,1
0,0,2,0,0,0,1,0,0,0,0,0,0,0,0,0,0,0,0,0,0,0,3,0.0,0,2,0.0,5,0.0,0.0,1
0,0,0,0,2,0,2,8,3,7,52,0,0,0,0,2,0,3,2,0,0,0,20,1.8888888888888888,5,0,0.496,124,0.2857142857142857,0.1111111111111111,1
0,0,0,0,0,0,2,0,0,1,0,0,0,0,0,0,0,0,0,0,0,0,4,0.0,0,0,0.3333333333333333,5,0.0,0.0,1
0,0,0,0,0,0,0,2,0,0,5,1,0,0,0,0,0,0,0,0,0,0,5,0.0,0,0,0.5454545454545454,10,0.0,0.0,1
0,0,4,0,0,0,2,1,0,3,0,0,0,0,0,2,0,2,1,0,1,0,14,0.0,4,4,0.5102040816326531,48,5.25,21.0,1
0,0,1,0,0,0,1,0,0,0,0,0,0,0,0,0,0,0,0,0,0,0,4,0.0,0,1,0.0,6,0.0,0.0,1
3,7,12,9,0,0,96,9,0,63,26,26,3,111,26,23,0,28,14,0,2,0,31,0.029850746268656716,20,168,0.5193370165745856,542,0.0851063829787234,1.3333333333333333,1
0,0,4,0,0,0,2,0,0,2,0,0,0,0,0,2,0,2,1,0,1,0,8,0.0,0,4,0.23529411764705882,16,0.0,0.0,1
2,7,18,9,0,0,100,9,0,63,52,26,3,111,26,23,0,28,14,0,2,0,31,0.030303030303030304,18,174,0.5264957264957265,584,0.0851063829787234,1.3333333333333333,1
3,7,78,9,17,0,140,15,3,162,52,44,3,912,64,108,0,55,16,0,358,7,39,0.11904761904761904,146,1073,0.49528301886792453,2755,0.271523178807947,1.9523809523809523,1
0,0,0,0,0,0,26,0,0,0,0,0,0,0,0,0,0,0,0,0,0,0,3,0.0,0,0,0.03225806451612903,30,0.0,0.0,1
0,3,23,0,1,1,23,0,0,25,27,17,40,12,0,88,0,18,1,6,0,0,24,0.0,0,78,0.6719242902208202,316,0.06593406593406594,6.0,1
0,0,0,0,0,0,25,0,0,14,1,3,4,0,11,0,0,12,0,0,0,0,13,0.0,0,15,0.44871794871794873,77,0.0,0.0,1
1,4,46,1,0,0,19,17,0,39,6,4,18,72,3,9,0,17,3,0,1,0,27,0.0,8,144,0.4855305466237942,310,0.0,0.0,1
0,0,0,0,0,0,86,0,0,79,0,0,0,0,0,246,0,0,0,0,0,0,8,0.0,0,0,0.7202572347266881,621,0.4979757085020243,123.0,1
5,0,70,0,0,0,26,7,0,93,0,13,2,12,3,130,0,12,4,0,157,3,33,0.019417475728155338,17,87,0.40824468085106386,751,0.4222222222222222,19.0,1
0,0,0,0,0,2,7,1,0,5,0,889,0,1053,372,0,0,646,0,0,0,0,13,0.0,140,1425,0.6376134176519109,3636,0.0,0.0,1
0,0,8,0,2,2,55,11,1,1815,52,6,2,1053,0,7,0,646,4,0,1,0,35,0.002197802197802198,140,1063,0.6741928200496726,4428,0.31746031746031744,8.0,1
3,40,46,11,3,2,484,11,0,138,18,100,7,138,12,350,0,70,24,0,1,0,37,0.04195804195804196,31,258,0.4946751863684771,1877,0.42930591259640105,23.857142857142858,1
0,40,0,0,0,0,15,5,0,455,0,1,4,0,0,0,0,3,0,0,0,0,15,0.0,0,44,0.4694501018329939,981,0.0,0.0,1
6,40,53,12,3,4,472,20,0,198,52,19,7,277,29,234,0,87,27,0,1,0,41,0.02857142857142857,109,422,0.4145,1999,0.04332129963898917,1.7142857142857142,1
0,0,1,0,0,0,40,0,1,186,30,6,0,3,1,1,0,6,1,0,2,0,24,0.010638297872340425,0,5,0.9440447641886491,1250,311.6666666666667,311.6666666666667,1
2,0,65,1,4,2,32,20,4,234,10,13,52,1053,8,115,0,100,86,20,113,0,41,0.008130081300813009,144,1180,0.5692079940784603,2701,0.3380952380952381,23.666666666666668,1
0,0,0,0,1,0,11,0,1,2,0,5,1,5,0,1,0,7,1,0,0,0,10,0.0,0,6,0.3888888888888889,35,0.0,0.0,1
1,0,818,4,1,0,31,8,1,1815,2,290,2,681,22,2891,0,646,156,2,1,0,38,0.0,142,1527,0.7356482289303786,11461,0.9041442581461563,2858.0,1
1,0,818,1,0,0,8,8,0,1815,2,288,0,597,19,2891,0,646,156,0,0,0,33,0.0,142,1435,0.7359922350657372,11332,0.9044303797468355,2858.0,1
0,0,0,0,0,0,6,0,0,0,1,1,0,578,0,0,0,0,0,0,0,0,9,0.0,2,578,0.9477977161500816,612,0.0,0.0,1
0,0,65,0,11,4,41,10,0,1,0,0,0,0,0,0,0,1,0,4,0,0,16,0.0,99,67,0.004640371229698376,430,0.43333333333333335,13.0,1
0,0,77,0,0,2,34,11,0,12,1,1,0,0,0,2,0,11,1,4,2,11,22,0.0,34,78,0.04507042253521127,354,0.3333333333333333,11.0,1
0,0,4,0,0,0,3,0,0,1,0,0,0,0,0,2,0,1,1,0,1,0,8,0.0,0,4,0.1875,15,0.0,0.0,1
0,0,0,0,0,0,0,0,0,4,0,0,0,0,0,0,0,1,0,0,0,0,6,0.0,0,0,0.7647058823529411,16,9.0,9.0,1
27,40,82,32,45,2,1076,26,4,1815,36,560,21,730,41,2891,1,646,156,10,433,36,47,0.014583333333333334,189,948,0.6899194494408384,12786,0.909901305316778,98.55172413793103,1
27,40,100,32,46,2,676,32,4,795,36,559,21,733,41,1367,1,646,156,10,433,36,47,0.03023758099352052,189,969,0.5683289379045793,8341,0.8152039555006181,45.48275862068966,1
0,0,4,1,0,0,30,9,0,242,52,55,1,101,5,178,0,183,156,0,0,0,30,0.0,34,112,0.5376,1874,1.1901565995525727,532.0,1
0,0,0,0,2,0,2,8,3,7,13,0,0,0,0,2,0,3,2,0,0,0,20,1.8888888888888888,5,0,0.26744186046511625,85,0.2857142857142857,0.1111111111111111,1
0,0,76,0,0,2,34,10,0,12,1,1,0,0,0,2,0,11,1,4,2,11,22,0.0,33,77,0.045714285714285714,349,0.3333333333333333,11.0,1
2,0,818,1,0,4,45,11,0,1815,52,889,0,270,372,2339,0,646,156,0,1,0,34,0.0,143,1463,0.745705980798027,11352,1.0908742331288344,2845.0,1
0,0,1,0,0,0,38,0,1,159,25,6,0,3,1,1,0,6,1,0,2,0,24,0.012422360248447204,0,5,0.9385171790235082,1105,276.3333333333333,276.3333333333333,1
0,0,0,0,0,0,6,0,0,4,0,889,0,1053,372,0,0,646,0,0,0,0,10,0.0,10,1425,0.7453376205787782,3109,0.0,0.0,1
0,0,8,0,2,2,57,11,1,1815,52,6,2,1053,0,43,0,646,4,0,1,0,35,0.002197802197802198,140,1063,0.6765166778598612,4466,0.24691358024691357,8.0,1
0,0,45,0,0,2,33,11,0,11,0,0,0,0,0,0,0,10,0,4,1,0,16,0.0,30,46,0.041353383458646614,265,0.4482758620689655,13.0,1
0,0,3,0,0,2,5,9,0,6,6,1,0,0,0,0,0,2,0,0,0,0,20,0.0,10,3,0.1728395061728395,80,2.0,2.0,1
0,0,818,0,0,8,81,27,0,210,0,135,0,0,27,288,0,30,27,20,433,0,19,0.0,37,845,0.3137943137943138,2848,0.8227848101265823,260.0,1
0,0,54,0,7,4,52,10,0,1,1,1,0,0,0,0,0,1,0,0,0,0,18,0.0,28,56,0.01107011070110701,270,0.6,12.0,1
0,0,818,0,10,8,419,10,0,1,0,0,0,0,0,0,0,1,0,12,12,0,18,0.0,140,822,0.0004478280340349306,2232,0.10569105691056911,13.0,1
0,0,0,0,0,0,1,0,0,2,0,0,0,0,0,3,0,1,1,0,0,0,6,0.0,0,0,0.4166666666666667,11,0.0,0.0,1
0,0,818,0,0,8,81,27,0,210,0,135,0,0,27,2891,0,30,27,20,433,0,19,0.0,37,845,0.6414159941305942,5451,0.08907159986296677,260.0,1
0,0,0,0,0,0,6,0,0,2,0,1,0,0,1,3,0,1,1,0,3,0,18,0.6666666666666666,1,1,0.32432432432432434,36,0.6,1.0,1
0,0,62,0,0,2,31,11,0,11,1,1,0,0,0,0,0,10,0,4,0,0,19,0.0,29,63,0.04436860068259386,292,0.4782608695652174,11.0,1
0,0,5,0,0,0,3,1,0,12,0,0,0,0,0,2,0,11,1,0,1,0,10,0.0,0,5,0.27450980392156865,50,0.0,0.0,1
3,40,158,1,0,2,828,10,0,675,52,100,0,982,100,118,0,162,108,0,0,0,34,0.0,146,1285,0.49113475177304966,5075,1.7261904761904763,580.0,1
0,0,2,0,0,0,3,0,0,0,0,0,0,0,0,0,0,0,0,0,0,0,3,0.0,0,2,0.0,7,0.0,0.0,1
1,0,44,3,5,0,15,7,0,109,0,110,9,703,34,354,0,43,4,2,212,3,35,0.23529411764705882,142,793,0.7318840579710145,3863,4.191780821917808,52.758620689655174,1
0,0,6,0,0,0,1,1,0,1,0,0,0,0,0,0,0,1,0,0,0,0,7,0.0,0,6,0.15384615384615385,12,0.0,0.0,1
0,0,7,0,2,2,35,11,1,96,52,5,1,9,0,374,0,12,4,0,1,0,35,0.039603960396039604,16,17,0.752925877763329,768,0.09895833333333333,7.6,1
3,40,20,0,30,0,38,10,0,55,0,149,10,363,18,20,0,80,1,20,0,0,24,0.1016949152542373,6,451,0.5859449192782527,1052,0.0,0.0,1
0,0,4,0,0,0,2,0,0,1,0,0,0,0,0,2,0,1,1,0,1,0,8,0.0,0,4,0.2,14,0.0,0.0,1
0,0,117,0,0,0,142,40,0,58,0,0,0,0,4,0,0,4,0,0,0,0,14,0.0,15,121,0.07526881720430108,836,0.0,0.0,1
0,0,0,0,0,0,1,0,0,0,52,0,0,1053,0,0,0,0,0,0,0,0,7,0.0,140,1053,0.6918090748379493,1696,0.0,0.0,1
4,10,16,36,1,0,369,9,0,165,13,22,2,1053,21,51,0,60,27,0,1,0,33,0.0,148,1139,0.5382436260623229,2470,0.061946902654867256,7.0,1
0,0,0,0,0,0,1,0,0,0,52,0,0,0,0,0,0,0,0,0,0,0,4,0.0,0,0,0.9603174603174603,125,0.0,0.0,1
0,0,0,0,0,0,0,0,0,403,0,302,0,0,0,0,0,116,0,0,0,0,8,0.0,0,0,0.7964693665628245,962,67.0,67.0,1
5,4,594,5,15,3,82,51,4,366,52,120,18,67,90,650,0,163,98,7,13,6,46,0.012315270935960592,150,779,0.5055704099821747,4487,1.1971830985915493,170.0,1
0,0,65,0,11,4,42,10,0,1,0,0,0,0,0,0,0,1,0,4,0,0,16,0.0,87,67,0.004901960784313725,407,0.43333333333333335,13.0,1
0,0,14,0,3,6,38,8,0,1815,52,5,1,191,0,5,0,646,4,0,0,0,31,0.002197802197802198,84,206,0.6565053425518542,3181,0.184,4.6,1
0,0,0,0,0,0,3,0,0,0,0,1,0,0,1,0,0,1,0,0,0,0,6,0.0,0,1,0.3,9,0.0,0.0,1
0,4,3,0,4,0,33,0,0,6,33,9,2,9,1,15,0,7,2,0,1,0,20,0.0,0,19,0.5167785234899329,148,0.0,0.0,1
4,40,818,92,8,8,115,6,4,312,52,30,12,1053,106,2891,0,78,3,0,164,0,36,0.0,148,2121,0.7564007224051843,9412,0.915633608815427,2659.0,1
0,0,0,0,0,0,0,2,0,0,3,1,0,0,0,0,0,0,0,0,0,0,5,0.0,0,0,0.4444444444444444,8,0.0,0.0,1
0,0,0,0,0,0,0,0,0,0,0,1,0,0,0,0,0,1,0,0,0,0,2,0.0,0,0,0.3333333333333333,2,0.0,0.0,1
4,40,818,92,14,8,199,6,4,371,52,36,19,1053,106,2891,0,78,3,0,278,0,36,0.0,148,2128,0.7418256833419288,9694,0.9137457044673539,2659.0,1
0,0,0,0,0,0,0,1,1,924,52,2,0,118,6,16,0,8,4,0,0,3,22,0.0,109,124,0.6264336428181322,1830,1.8148148148148149,49.0,1
2,16,17,0,28,0,40,10,0,57,0,106,20,106,18,1307,0,31,2,20,0,0,30,0.0967741935483871,11,177,0.8971008574928542,2448,0.4349775784753363,83.14285714285714,1
0,0,69,0,0,2,32,11,0,11,0,0,0,0,0,0,0,10,0,4,0,0,16,0.0,30,70,0.03821656050955414,313,0.4482758620689655,13.0,1
0,0,4,0,0,2,4,2,0,5,0,0,0,0,0,0,0,2,0,0,0,0,13,0.0,10,4,0.09615384615384616,51,0.0,0.0,1
0,0,69,0,0,2,29,11,0,11,0,0,0,0,0,0,0,10,0,4,0,0,16,0.0,30,70,0.03858520900321544,310,0.4482758620689655,13.0,1
11,7,158,36,169,2,408,1,0,349,0,217,108,137,136,60,0,159,41,20,1,0,32,0.0,16,582,0.46743119266055044,2179,0.006688963210702341,2.0,1
3,40,55,22,4,2,468,14,0,167,0,145,10,192,22,254,0,101,33,0,0,0,31,0.0,5,345,0.4599767981438515,1723,0.009708737864077669,3.0,1
0,0,63,0,0,2,32,11,0,11,0,0,0,0,0,0,0,10,0,4,0,0,16,0.0,27,64,0.041666666666666664,287,0.4782608695652174,11.0,1
0,0,65,0,11,4,46,10,0,1,0,0,0,0,0,0,0,1,0,4,0,0,16,0.0,63,67,0.005494505494505495,363,0.43333333333333335,13.0,1
15,6,818,38,59,5,477,11,1,1433,3,21,10,1053,124,397,0,176,137,0,316,36,43,0.017654476670870115,158,2050,0.5528164516541065,7828,2.075070821529745,50.51724137931034,1
0,0,198,0,0,0,249,57,0,85,0,0,0,0,4,0,0,4,0,0,0,0,14,0.0,15,202,0.08395522388059702,1071,0.0,0.0,1
0,0,0,0,0,0,15,5,0,4,0,1,4,0,0,0,0,3,0,0,0,0,12,0.0,0,4,0.21739130434782608,45,0.0,0.0,1
0,0,206,0,0,2,72,11,0,345,52,28,4,86,7,29,0,28,18,0,0,0,32,0.0,31,304,0.48951048951048953,1429,2.0153846153846153,131.0,1
0,0,1,0,0,0,25,0,1,121,14,6,0,3,1,1,0,6,1,0,2,0,24,0.016260162601626018,0,5,0.9262734584450402,745,180.66666666666666,180.66666666666666,1
7,40,47,11,5,2,401,9,0,146,0,68,7,138,17,235,0,70,27,0,6,0,36,0.05128205128205128,96,264,0.38042131350681535,1613,0.017921146953405017,0.5555555555555556,1
0,0,0,0,0,0,1,1,0,2,52,1,2,1053,0,0,0,2,0,0,0,0,13,0.0,140,1055,0.6910902696365768,1705,0.0,0.0,1
2,0,818,0,0,0,20,3,0,1815,52,14,4,763,372,1438,0,646,156,1,98,0,33,0.0010672358591248667,144,1957,0.711144427786107,10004,1.7907268170426065,952.6666666666666,1
0,0,63,0,0,2,32,11,0,11,0,0,0,0,0,0,0,10,0,4,0,0,16,0.0,27,64,0.041666666666666664,287,0.4782608695652174,11.0,1
0,0,59,0,11,4,44,10,0,1,0,0,0,0,0,0,0,1,0,4,0,0,16,0.0,94,61,0.0049382716049382715,404,0.5,12.0,1
0,0,186,0,0,0,234,57,0,81,0,0,0,0,4,0,0,4,0,0,0,0,14,0.0,15,190,0.08261287223823247,1040,0.0,0.0,1
0,9,10,0,12,0,29,6,0,39,0,889,105,1053,2,21,0,646,2,0,0,0,22,0.0,0,1179,0.7321549966009517,2941,1.1944444444444444,43.0,1
0,0,208,0,0,2,72,11,0,346,52,28,4,87,7,29,0,28,18,0,0,0,32,0.0,31,307,0.489198606271777,1434,2.0153846153846153,131.0,1
0,0,1,0,0,0,25,0,1,35,14,6,0,3,1,1,0,6,1,0,2,0,24,0.05405405405405406,0,5,0.7566371681415929,225,36.0,36.0,1
0,0,0,0,0,0,1,0,0,1,52,1,2,1053,0,0,0,1,0,0,0,0,12,0.0,140,1055,0.6917204932472109,1702,0.0,0.0,1
0,0,185,0,0,2,71,11,0,337,52,28,4,81,7,23,0,22,12,0,0,0,32,0.0,28,278,0.5019011406844106,1314,2.106382978723404,99.0,1
0,0,208,0,0,2,71,11,0,346,52,28,4,87,7,29,0,28,18,0,0,0,32,0.0,31,307,0.489198606271777,1434,2.0153846153846153,131.0,1
1,4,31,1,0,0,24,10,0,1815,0,2,2,1053,3,2651,0,646,156,0,5,0,32,0.001100715465052284,142,1094,0.7781897212989005,7821,0.1928082191780822,187.66666666666666,1
0,0,0,0,0,0,1,0,0,2,0,0,0,0,0,0,0,0,0,0,0,0,4,0.0,0,0,0.42857142857142855,6,0.0,0.0,1
0,0,0,0,0,0,10,0,0,0,0,0,0,0,0,0,0,0,0,0,0,0,1,0.0,0,0,0.0,10,0.0,0.0,1
0,0,0,0,2,0,2,0,0,14,0,0,0,0,0,2,0,1,1,0,1,0,10,0.0,0,0,0.53125,31,0.0,0.0,1
0,0,818,0,0,0,1,7,0,1,0,0,0,0,0,0,0,1,0,0,0,0,10,0.0,0,818,0.0011862396204033216,842,0.0,0.0,1
0,0,0,0,1,0,4,1,1,3,25,60,0,0,3,6,0,6,0,0,0,0,16,0.0,5,3,0.6875,159,1.75,14.0,1
1,4,28,1,4,0,60,16,1,150,52,889,0,1053,372,172,0,646,32,0,90,0,33,0.0,131,1458,0.6622034296452901,4256,0.48484848484848486,128.0,1
0,0,0,0,0,0,1,1,0,1,0,0,0,0,0,0,0,1,0,0,0,0,6,0.0,0,0,0.2857142857142857,6,0.0,0.0,1
1,4,28,1,0,0,28,10,0,1815,0,2,2,1053,3,2891,0,646,156,0,16,0,32,0.001100715465052284,142,1091,0.7883732173072274,8273,0.24113924050632912,254.0,1
0,0,7,0,2,2,35,11,1,96,52,5,1,9,0,455,0,12,4,0,1,0,35,0.039603960396039604,16,17,0.7764705882352941,849,0.08172043010752689,7.6,1
0,0,54,0,0,0,2,0,0,79,0,0,0,0,0,38,0,3,3,0,1,0,16,0.0,0,54,0.5342019543973942,306,1.0476190476190477,44.0,1
0,0,0,0,0,0,0,0,0,0,1,0,0,0,0,0,0,0,0,0,0,0,1,0.0,0,0,0.5,1,0.0,0.0,1
0,0,8,0,2,2,33,11,1,1775,52,5,1,1050,0,5,0,646,4,0,1,0,35,0.0022471910112359553,140,1059,0.6735632183908046,4349,0.3064516129032258,7.6,1
1,0,2,0,0,0,4,0,0,17,0,1,2,0,2,75,0,5,2,0,36,1,24,0.0,5,6,0.690566037735849,264,1.1666666666666667,91.0,1
0,0,0,0,0,0,1,0,0,76,0,0,0,0,0,36,0,1,1,0,1,0,12,0.0,0,0,0.847457627118644,176,1.0263157894736843,39.0,1
0,0,0,0,0,0,2,0,0,6,0,0,4,0,0,0,0,2,0,0,0,0,7,0.0,0,4,0.6,24,6.0,6.0,1
0,0,9,0,2,2,79,11,1,1815,52,7,3,1053,0,34,0,646,4,0,1,0,35,0.002197802197802198,140,1065,0.6724560231574259,4490,0.2679738562091503,8.2,1
2,0,818,0,0,0,20,3,0,1815,52,14,4,128,372,112,0,14,3,1,98,0,31,0.0010995052226498076,144,1322,0.5799086757990868,4379,0.39655172413793105,15.333333333333334,1
0,0,0,0,0,0,13,0,0,11,1,2,2,0,10,0,0,11,0,0,0,0,10,0.0,0,12,0.5,53,0.0,0.0,1
0,40,7,1,0,0,35,9,0,1815,52,65,2,1053,5,2891,0,646,156,0,0,0,32,0.0,140,1108,0.7864041946463067,10870,0.9003164556962026,2845.0,1
0,0,0,0,0,0,1,0,0,1,0,0,0,0,0,0,0,0,0,0,0,0,3,0.0,0,0,0.25,3,0.0,0.0,1
0,0,4,1,0,0,27,9,0,79,52,59,1,70,5,29,0,34,25,0,0,0,30,0.0,27,81,0.516546762589928,694,1.1585365853658536,95.0,1
0,0,0,0,0,0,20,0,0,2,2,0,0,0,0,0,0,2,0,0,0,0,5,0.0,0,0,0.20689655172413793,28,0.0,0.0,1
22,4,6,1,0,0,42,7,1,102,0,31,0,43,15,1,1,32,1,0,0,0,27,0.14507772020725387,42,69,0.8930817610062893,3020,643.0,88.6896551724138,1
1,1,87,0,17,0,13,17,4,1815,52,889,54,1053,154,2891,0,646,156,20,117,1,38,0.00511770726714432,142,1349,0.8065250379362671,11861,0.8995908089392509,259.8181818181818,1
0,1,15,0,0,0,13,10,0,1815,52,889,0,1053,154,2891,0,646,156,0,0,0,29,0.002560163850486431,140,1223,0.8272173913043478,11499,0.9003164556962026,474.1666666666667,1
0,0,0,0,1,0,0,0,0,2,0,0,0,0,1,3,0,1,1,0,0,0,7,0.0,0,1,0.5,11,0.0,0.0,1
0,0,393,0,169,0,6,1,0,1265,15,5,0,324,6,388,0,388,156,0,15,0,26,0.0038255547054322878,140,723,0.694129916567342,6711,3.984593837535014,474.1666666666667,1
2,0,818,0,2,0,272,16,0,1815,52,329,108,1053,170,2891,0,646,156,0,294,0,35,0.01432225063938619,144,2149,0.7085803432137285,12819,0.9013282732447818,98.27586206896552,1
5,4,138,26,169,5,355,19,4,1815,2,114,108,1053,27,2891,0,646,156,20,373,3,45,0.014300306435137897,32,1356,0.7629727352682498,11369,0.8549113848002403,98.13793103448276,1
0,0,818,0,169,0,0,1,1,1815,0,774,0,1053,372,774,0,646,156,0,433,36,21,0.0,140,2243,0.679110548675766,11062,2.5863636363636364,2845.0,1
0,0,378,0,169,0,6,1,0,1218,28,5,0,320,6,373,0,373,156,0,15,0,26,0.003971405877680699,140,704,0.6951403561726532,6625,4.0701001430615165,474.1666666666667,1
4,40,620,12,13,8,471,37,0,1815,33,80,9,1053,29,2280,0,646,156,0,433,1,41,0.0068241469816272965,146,1767,0.6610957190097417,11188,0.9289195775792038,163.35714285714286,1
0,0,818,1,169,0,10,14,0,1815,13,3,0,561,2,1316,0,646,156,0,433,0,29,0.003852504127682994,140,1382,0.657213316892725,9731,1.7315885575167376,355.625,1
0,0,0,0,1,0,9,0,0,1168,52,0,0,110,0,550,0,556,156,0,433,0,21,0.021439509954058193,32,110,0.7316129032258064,6199,4.018361581920904,98.10344827586206,1
0,0,818,0,0,0,108,4,0,1815,52,347,6,1053,172,2891,0,646,156,0,294,0,30,0.014336917562724014,140,2049,0.7174866438083087,12540,0.9018987341772152,98.27586206896552,1
0,0,15,0,0,4,19,4,0,8,0,0,0,0,0,6,0,4,1,0,0,0,15,0.0,38,15,0.08,199,0.0,0.0,1
0,0,818,0,169,0,0,1,1,1815,0,889,0,1053,372,2891,0,646,156,0,433,36,21,0.0,140,2243,0.7329823241820234,13294,0.8843643145788002,2845.0,1
0,40,818,0,0,0,1076,0,0,190,0,40,1,1053,3,371,0,94,26,0,0,0,24,0.0,140,1915,0.40884745090259866,5040,1.0751879699248121,429.0,1
13,3,818,9,8,0,87,8,1,1534,0,15,4,426,15,2891,0,646,156,0,14,1,36,0.0024052916416115455,161,1275,0.7349902534113061,10259,0.8980429292929293,569.0,1
3,4,14,2,5,0,18,8,0,13,0,21,6,18,11,1,0,17,1,0,0,0,25,0.0,6,55,0.3763440860215054,185,0.0,0.0,1
17,6,23,0,10,4,30,2,1,94,0,118,14,182,25,0,0,20,0,1,0,0,23,0.0,23,250,0.656060606060606,659,0.0,0.0,1
0,0,0,0,0,0,0,0,0,0,0,0,0,0,0,0,0,0,0,0,0,0,1,0.0,0,0,0.987012987012987,76,76.0,76.0,1
0,4,8,2,0,0,11,8,0,11,0,13,3,11,3,1,0,14,1,0,0,0,20,0.0,0,31,0.34146341463414637,122,0.0,0.0,1
1,4,16,1,169,0,13,10,1,1402,0,889,0,1053,372,1613,0,554,156,2,433,0,35,0.0035536602700781805,142,1447,0.7719190680564071,9785,1.207624935600206,390.6666666666667,1
3,40,158,1,0,2,825,10,0,675,52,100,0,982,100,118,0,162,109,0,0,0,34,0.0,146,1285,0.4912315270935961,5074,1.7240356083086052,581.0,1
0,0,0,0,0,0,2,1,0,2,1,0,0,0,0,0,0,2,0,0,0,0,6,0.0,0,0,0.3,9,0.0,0.0,1
0,0,0,0,1,0,0,8,0,1815,0,889,0,1053,372,2891,0,646,156,9,433,0,20,0.0,140,1425,0.7863859362224039,9783,0.28304362085929813,863.0,1
0,0,0,0,0,0,19,5,0,7,1,2,6,0,0,0,1,5,0,0,0,0,20,0.2222222222222222,1,6,0.26666666666666666,74,2.0,0.6666666666666666,1
1,0,0,0,0,0,12,1,0,1,0,0,0,0,0,0,0,1,0,0,0,0,8,0.0,3,0,0.05,19,0.0,0.0,1
0,0,818,0,0,0,0,1,0,1815,0,0,0,346,0,1783,0,646,156,0,1,0,18,0.0,140,1164,0.7258330583965688,9092,1.3864522417153997,2845.0,1
11,1,308,25,169,0,1076,2,1,706,2,388,91,250,272,2891,0,365,156,20,7,0,37,0.0,68,947,0.7216291024120206,10115,0.8546109942925804,2845.0,1
0,0,0,0,0,0,1,0,0,0,0,1,0,0,1,0,0,1,0,0,0,0,4,0.0,0,1,0.4,4,0.0,0.0,1
1,2,0,0,0,0,2,0,1,55,0,0,0,2,4,664,1,2,1,0,0,0,24,0.3783783783783784,4,8,0.9591894173937517,3552,4.013513513513513,92.17241379310344,1
0,0,88,0,4,0,91,29,0,77,0,0,0,0,0,5,0,5,2,0,0,0,17,0.0,25,88,0.12406576980568013,668,0.0,0.0,1
0,0,0,0,0,0,9,0,0,1,0,0,0,0,0,0,0,1,0,0,0,0,4,0.0,0,0,0.07142857142857142,13,0.0,0.0,1
0,0,1,0,0,0,0,0,1,2,0,0,4,0,0,0,0,1,0,0,0,0,7,0.0,0,5,0.5,11,0.0,0.0,1
0,6,33,29,169,0,422,15,0,1815,14,18,2,1053,12,2481,0,646,156,3,433,0,36,0.0035842293906810036,140,1136,0.7296587926509186,11048,1.0056557087310003,355.625,1
2,0,7,0,0,2,1076,0,1,27,0,14,3,12,2,16,0,11,1,0,81,0,26,0.17142857142857143,20,24,0.05506607929515418,1361,0.1111111111111111,0.2857142857142857,1
5,7,234,9,2,2,111,17,0,139,52,617,3,141,29,53,0,51,24,0,28,0,40,0.013245033112582781,101,423,0.4553872053872054,2375,0.52,17.333333333333332,1
5,7,234,9,2,2,111,17,0,143,52,633,3,141,29,64,0,52,26,0,30,0,40,0.012903225806451613,101,423,0.46201743462017436,2408,0.45614035087719296,17.333333333333332,1
0,0,3,0,0,0,1076,6,0,1815,52,889,1,1053,0,0,0,646,0,0,0,0,25,0.014336917562724014,3,1057,0.7115550622764829,8108,19.01769911504425,74.10344827586206,1
0,0,3,0,0,0,1076,6,0,1191,52,889,1,1053,0,0,0,646,0,0,0,0,25,0.021068472535741158,3,1057,0.6267751715334291,6266,8.238938053097344,32.10344827586207,1
2,0,1,0,1,0,2,1,0,3,0,0,0,0,0,1,0,2,1,0,0,0,14,0.0,4,1,0.23809523809523808,20,0.5,2.0,1
7,6,818,41,169,1,712,10,4,1344,3,728,9,960,372,585,0,343,156,0,414,36,43,0.01880456682337139,153,2207,0.604963503649635,10274,2.3489736070381233,82.86206896551724,1
0,0,0,0,1,1,0,2,1,2,0,0,4,0,0,13,0,2,1,0,18,0,13,0.0,1,4,0.3877551020408163,48,0.0,0.0,1
10,0,204,29,169,8,1076,3,0,1815,52,252,100,524,166,64,0,646,38,20,51,0,35,0.0,154,1023,0.48836482898641265,6402,0.4375,168.0,1
1,0,13,6,16,8,244,3,0,223,30,16,3,29,2,40,0,38,11,0,95,0,33,0.0,37,53,0.3112391930835735,1387,1.1216216216216217,83.0,1
0,0,0,0,0,0,162,2,0,0,18,161,0,0,0,237,0,3,0,0,0,0,9,0.0,0,0,0.7619047619047619,965,1.3445378151260505,320.0,1
0,22,30,0,76,1,74,12,0,107,2,36,14,33,61,50,0,37,1,20,0,0,26,0.0,0,160,0.4700460829493088,650,0.0,0.0,1
0,0,0,0,0,0,0,0,0,1,13,1,0,0,0,0,0,0,0,0,0,0,9,0.0,5,0,0.5333333333333333,29,2.0,2.0,1
0,40,0,0,0,0,1,0,0,0,0,0,0,0,0,0,0,0,0,0,0,0,3,0.0,0,40,0.0,42,0.0,0.0,1
1,0,3,1,0,2,29,11,0,40,10,18,0,15,11,19,0,22,13,0,1,0,34,0.0,9,31,0.46984126984126984,314,0.925,37.0,1
1,4,9,1,0,0,21,7,0,10,4,9,2,8,3,8,0,13,2,0,1,0,30,0.0,5,27,0.3333333333333333,149,0.4166666666666667,5.0,1
6,11,246,10,2,3,169,26,0,148,52,668,3,142,30,63,0,53,25,0,29,0,40,0.024844720496894408,110,442,0.44746025591314464,2578,0.46017699115044247,10.4,1
1,4,5,1,169,0,12,11,0,1815,0,889,0,1053,372,956,0,646,156,0,433,0,31,0.0,142,1436,0.7283009882128825,8398,0.8964174454828661,1151.0,1
1,4,818,1,0,0,12,10,1,1815,0,2,0,606,1,2891,0,646,156,0,1,0,33,0.0015353121801432957,142,1430,0.7342483419307295,10855,0.9003164556962026,711.25,1
0,0,818,0,169,0,0,1,1,1815,0,889,0,1053,372,2891,0,646,156,0,433,36,21,0.0,140,2243,0.7329823241820234,13294,0.8843643145788002,2845.0,1
2,0,818,1,0,8,79,11,0,1815,52,889,0,343,372,2891,0,646,156,0,1,0,34,0.0,144,1538,0.7543146365748423,12051,0.9003164556962026,2845.0,1
0,0,4,1,0,0,30,9,0,85,52,59,1,60,5,31,0,36,27,0,0,0,30,0.0,25,71,0.5186246418338109,697,1.1022727272727273,97.0,1
52,7,222,92,1,0,96,10,1,331,0,20,6,216,170,2653,1,108,16,0,168,36,37,0.053742802303262956,166,713,0.7971089985675218,7678,1.0246268656716417,94.6896551724138,1
0,0,0,0,0,0,19,5,0,5,1,2,6,0,0,0,0,4,0,0,0,0,14,0.0,0,6,0.288135593220339,58,0.0,0.0,1
5,7,233,9,2,2,110,17,0,140,52,667,3,141,29,61,0,50,25,0,29,0,40,0.013157894736842105,101,422,0.46971569839307786,2426,0.46296296296296297,16.666666666666668,1
1,0,0,0,0,0,6,8,1,1,6,2,0,0,0,0,0,0,0,0,0,0,15,0.0,2,0,0.2972972972972973,36,2.0,2.0,1
0,0,4,0,0,0,2,0,0,1,0,0,0,0,0,2,0,1,1,0,1,0,9,0.0,0,4,0.9245283018867925,158,36.0,144.0,1
1,4,52,1,2,0,61,22,2,1815,52,889,2,1053,372,2622,0,646,156,0,205,0,36,0.0,142,1484,0.7959081836327345,10019,0.4082267542343588,1181.0,1
3,7,54,9,9,0,144,15,3,138,52,36,3,904,58,68,0,57,16,0,212,9,39,0.1388888888888889,146,1035,0.5119712689545092,2505,0.47572815533980584,2.3333333333333335,1
1,4,31,1,4,0,66,15,1,296,52,889,0,1053,372,234,0,646,84,0,98,0,34,0.0,142,1461,0.6411281835403073,4750,0.34022988505747126,148.0,1
3,7,54,9,9,0,155,15,3,138,52,36,3,904,59,68,0,58,16,0,215,10,39,0.1388888888888889,146,1036,0.5076983813659692,2532,0.5145631067961165,2.5238095238095237,1
0,9,10,0,12,0,29,6,0,39,0,889,108,1053,2,21,0,646,2,0,0,0,22,0.0,0,1182,0.7230975527991954,2982,1.1944444444444444,43.0,1
0,0,0,0,0,0,12,0,0,13,1,3,5,0,12,0,0,12,0,0,0,0,14,0.0,0,17,0.651685393258427,88,12.0,24.0,1
0,0,8,0,2,2,35,11,1,1815,52,5,1,1053,0,68,0,646,4,0,1,0,35,0.002197802197802198,140,1062,0.6810228802153432,4457,0.20320855614973263,7.6,1
1,0,2,0,0,0,4,0,0,17,0,1,2,0,2,75,0,5,2,0,36,1,24,0.0,17,6,0.6319444444444444,287,1.1538461538461537,90.0,1
0,0,0,0,0,0,0,1,1,1599,52,2,0,476,8,26,0,10,6,0,0,5,22,0.0,140,484,0.7172478793590952,3182,5.325581395348837,229.0,1
0,0,818,0,169,0,0,1,1,1815,0,889,0,1053,372,2180,0,646,156,0,433,36,21,0.0,140,2243,0.7178957406230133,12583,1.1352753391859538,2845.0,1
0,0,31,0,0,0,22,9,0,1815,30,53,12,534,0,2891,0,646,156,0,433,36,32,0.0031746031746031746,140,577,0.7780912540130362,10278,0.9376640419947506,408.2857142857143,1
2,0,818,1,2,0,8,15,4,1815,2,289,31,1053,19,1690,0,646,156,20,69,0,38,0.0,144,1922,0.7031710914454278,10847,1.4574196838347782,2858.0,1
0,0,1,0,0,0,23,0,1,95,12,6,0,3,1,1,0,6,1,0,2,0,24,0.020618556701030927,0,5,0.9147909967845659,621,150.0,150.0,1
1,0,3,1,0,2,29,11,0,33,10,14,0,13,9,13,0,17,9,0,1,0,34,0.0,8,27,0.44609665427509293,268,1.0714285714285714,30.0,1
0,0,4,0,0,0,1,0,0,1815,0,430,0,251,1,2891,0,646,156,0,0,0,22,0.0,107,256,0.8516846856303139,9526,0.9333989501312336,2845.0,1
0,0,65,0,11,4,51,10,0,1,0,0,0,0,0,0,0,1,0,4,0,0,16,0.0,98,67,0.004555808656036446,438,0.43333333333333335,13.0,1
0,0,78,0,0,2,34,10,0,12,1,1,0,0,0,2,0,11,1,4,2,11,22,0.0,34,79,0.0449438202247191,355,0.3333333333333333,11.0,1
0,40,0,41,0,0,19,5,0,178,0,125,4,374,0,18,0,152,9,0,0,0,25,0.0851063829787234,0,463,0.511166253101737,1611,4.714285714285714,7.764705882352941,1
0,0,10,0,0,0,79,3,1,3,2,0,0,0,0,0,0,1,0,0,0,0,13,4.5,0,10,0.043478260869565216,160,0.0,0.0,1
0,0,0,0,2,0,2,8,3,7,52,0,0,0,0,2,0,3,2,0,0,0,20,1.8888888888888888,5,0,0.496,124,0.2857142857142857,0.1111111111111111,1
0,0,0,0,14,0,0,6,0,35,0,0,0,0,3,973,0,9,6,20,0,0,11,0.0,0,3,0.9441860465116279,1074,0.0,0.0,1
